metric_id,label_ru,definition_or_formula,unit,required_period,comparability_rules,definition_status,population,numerator,denominator,exclusions,required_parameters,definition_version,definition_origin,source_ids
unique_business,Уникальный субъект бизнеса,COUNT DISTINCT business_id в заданной базе,companies,Дата или фиксированная когорта,Субъект бизнеса не счёт/пользователь/карта; группы отдельным срезом,proposed_analytical_definition_verify_before_use,Указанная страна и форма клиента,Уникальные business_id,not_applicable,Дубли; пользовательские и карточные ID,identity_rule|population|as_of_or_cohort,2026-10-07,analytical_proposal_BB02,
opened_account,Открытые счета,COUNT DISTINCT account_id после завершённого открытия,accounts,Период открытия или дата остатка,Банковский и партнёрский/платёжный счёт различать; дата и поток не смешиваются,proposed_analytical_definition_verify_before_use,Счета выбранного вида и провайдера,Завершённо открытые account_id,not_applicable,Черновики; отклонённые открытия; технические счета по правилу,account_type|opening_event|stock_or_flow,2026-10-07,analytical_proposal_BB02,
active_business,Платёжно активные компании,COUNT DISTINCT business_id с квалифицирующими денежными событиями по правилу W/K,companies,Окно W,Критерий активности провайдера сохранять; без согласованных W/K не считать,proposed_analytical_definition_verify_before_use,Указанная база и продукт,Компании с нужной денежной активностью,not_applicable,Бонусы; свои переводы; технические/отменённые события; кредитные потоки отдельно,W|K|event_types|amount_rule|classifier_version,2026-10-07,analytical_proposal_BB02,
first_useful_operation,Первая полезная задача,Первое завершённое квалифицирующее событие по business_id после t0,companies,От t0 до окончания согласованного окна,Класс money/workflow/credit_process обязателен; нельзя смешивать их как одну денежную активность,proposed_analytical_definition_verify_before_use,Одна когорта подключений,Компании с первым событием; одно событие на субъект,not_applicable,Настройка; демо; вход; бонус; технический перевод; отменённый результат,t0|event_class|qualifying_rule|observation_end,2026-10-07,analytical_proposal_BB02,
activation_rate,Доля активировавшихся,100 × впервые активированные в W / подключённые в той же когорте с полным W,percent,Когорта и окно W от t0,Не исключать неактивных/закрытых; неполное окно отмечать недоступным,proposed_analytical_definition_verify_before_use,Когорта подключённых с достаточным наблюдением,Впервые активированные по заданному правилу,Все подключённые той же наблюдаемой когорты,Неполное окно только с явным раскрытием покрытия,t0|W|activation_rule|cohort|cutoff,2026-10-07,analytical_proposal_BB02,
retention,Удержание активированных,100 × активные в окне H из A0 / исходные активированные A0,percent,Исходное окно W0 и последующее H,A0 фиксируется; активность в H не доказывает непрерывное удержание,proposed_analytical_definition_verify_before_use,A0 одной когорты активации,Субъекты A0 активные в H,Все субъекты исходного A0 включая закрывшихся,Нельзя удалять закрывшихся/спящих из знаменателя,W0|H|activity_rule|cutoff,2026-10-07,analytical_proposal_BB02,
primary_financial_service,Доля операций через сервис,100 × сопоставимый поток через сервис / полный наблюдаемый поток бизнеса,percent_or_qualitative,Одинаковый период,Без полного потока долю не считать; самооценка клиента отдельно,proposed_analytical_definition_verify_before_use,Бизнес с известным общим потоком,Поток того же типа через сервис,Полный поток того же типа включая другие сервисы,Несопоставимые потоки; внутренние дубли; кредитные переводы при операционном знаменателе,flow_type|full_coverage|period|primary_threshold_if_classifying,2026-10-07,analytical_proposal_BB02,
average_balance,Средний остаток,SUM остаток × длительность / SUM длительность,currency,Период и шаг наблюдения,Валюта и принадлежность средств определены; простое начало/конец только approximation,proposed_analytical_definition_verify_before_use,Указанные счета и средства,Взвешенная сумма остатков,Длительность покрытого периода,Не смешивать депозиты банка; партнёрские средства; фонды; внебалансовые объекты,balance_type|currency|period|sampling|ownership,2026-10-07,analytical_proposal_BB02,
transaction_volume,Объём полезных денежных операций,SUM суммы завершённых операций указанного типа по согласованному нетто/брутто правилу,currency,Период,Входящие и исходящие раздельно; одна валютная/экономическая операция без двойного счёта,proposed_analytical_definition_verify_before_use,Субъекты и операции указанного класса,Сумма квалифицирующих операций,not_applicable,Технические/свои переводы; бонусы; кредитные потоки отдельно; возвраты по правилу,flow_type|currency|gross_or_net|classifier_version|period,2026-10-07,analytical_proposal_BB02,
data_ready,Компании с достаточными данными,COUNT DISTINCT business_id удовлетворяющих требованиям данных конкретной политики,companies,Дата и версия политики,История; покрытие; свежесть и доступ раздельны; не credit_eligible,proposed_analytical_definition_verify_before_use,Целевая база одного продукта,Субъекты прошедшие требования данных,not_applicable,Субъекты с неизвестным покрытием/свежестью нельзя считать готовыми,policy_version|history_rule|coverage_rule|freshness_rule|access_rule,2026-10-07,analytical_proposal_BB02,
credit_eligible,Предварительно пригодные для кредита,COUNT DISTINCT business_id прошедших заданные предварительные риск-условия,companies,Дата и версия предварительной политики,Не финальное одобрение; не подтверждённый спрос; не гарантия предложения,proposed_analytical_definition_verify_before_use,База прошедшая определённую предварительную оценку,Субъекты прошедшие предварительные условия,not_applicable,Неизвестный результат; просто наличие истории или рекламного лимита,policy_version|evaluation_date|scope,2026-10-07,analytical_proposal_BB02,
credit_offered,Компании с доступным предложением,COUNT DISTINCT business_id с фактическим действующим предложением по заданному правилу,companies,Дата либо окно предложений,На дату считать неистёкшие; за период явно считать получивших; не все показы рекламы,proposed_analytical_definition_verify_before_use,Субъекты выбранного продукта,Уникальные субъекты с подтверждённым предложением,not_applicable,Реклама; максимальный теоретический лимит; дубли одного субъекта,offer_event|validity_rule|snapshot_or_period,2026-10-07,analytical_proposal_BB02,
credit_take_up,Принятие кредитного предложения,100 × принявшие предложение в W / субъекты той же когорты предложений с полным W,percent,Окно W после предложения,Принятие определено событием; не выдача; одно правило новых/повторных предложений,proposed_analytical_definition_verify_before_use,Когорта подтверждённых предложений,Уникальные субъекты принявшие предложение,Уникальные субъекты той же когорты предложений,Дубли; недостаточно наблюдённые окна с раскрытием покрытия,acceptance_event|W|offer_cohort|expiry_rule,2026-10-07,analytical_proposal_BB02,
borrowers,Заёмщики с использованием кредита за период,COUNT DISTINCT business_id с фактическим использованием средств за период,companies,Период использования,Заёмщики за период не равны имеющим долг на дату; повтор не новый клиент,proposed_analytical_definition_verify_before_use,Заданный кредитный продукт и субъект,Уникальные субъекты с фактическим использованием,not_applicable,Неиспользованные лимиты; одобрения без выдачи; дубли договоров,disbursement_event|period|lender_scope,2026-10-07,analytical_proposal_BB02,
originations,Выдачи средств,SUM фактических выдач за период в выбранном брутто/новые деньги представлении,currency,Период выдачи,Поток; портфель и лимит не выдачи; повторные и рефинансирование раздельно,proposed_analytical_definition_verify_before_use,Фактические выдачи выбранного кредитора,Выданные суммы,not_applicable,Неиспользованные лимиты; отмены; рефинанс старого тела выделить,currency|period|gross_or_new_money|refinance_rule,2026-10-07,analytical_proposal_BB02,
loan_stock,Кредитный портфель на дату,Остаток задолженности выбранного вида на указанную дату,currency,Фиксированная дата,Тело/начисления; валовой/чистый и баланс/внебаланс обозначены,proposed_analytical_definition_verify_before_use,Портфель кредитора и продукта,Соответствующая задолженность на дату,not_applicable,Погашенное тело; неиспользованные лимиты если нет явно заданного включения,stock_basis|currency|as_of_date|lender_scope,2026-10-07,analytical_proposal_BB02,
cac_opened,Стоимость привлечения подключённой компании,Согласованные расходы привлечения / уникальные подключённые той же когорты,currency_per_company,Когорта и период распределения расходов,Сохранён исходный ID; знаменатель компания а не счёт; для РКО подключения после открытия,proposed_analytical_definition_verify_before_use,Когорта новых подключений,Расходы привлечения и стимулы распределённые на когорту,Уникальные подключённые компании этой когорты,Дубли счетов; нельзя терять расходы на неуспешные привлечения,cohort|allocation_rule|cost_scope|connection_event,2026-10-07,analytical_proposal_BB02,
cac_active,Стоимость привлечения активированной компании,Те же согласованные расходы привлечения / активированные этой когорты в W,currency_per_company,Когорта и полное окно W,Не вся текущая активная база; дополнительные расходы активации отдельно,proposed_analytical_definition_verify_before_use,Когорта новых подключений,Тот же набор расходов что у cac_opened,Активированные из той же когорты в W,Неполные окна; дубли; не переносить расходы только на удачные контакты,cohort|W|activation_rule|allocation_rule|cost_scope,2026-10-07,analytical_proposal_BB02,
cost_of_risk,Стоимость риска по сопоставимому раскрытию,100 × расход на риск по определению источника / соответствующий средний портфель,percent,Период и правило годового приведения,Резервы; списания; NPL и вероятность дефолта не взаимозаменяемы,proposed_analytical_definition_verify_before_use,Один портфель и одна методика риска,Расход на риск строго по указанной методике,Соответствующий средний валовой/иной раскрытый портфель,Групповые показатели без сегмента; двойной учёт списания и резервирования,risk_basis|period|average_basis|annualisation|portfolio_scope,2026-10-07,analytical_proposal_BB02,
cohort_profit,Экономическая прибыль когорты,cohort_profit_before_capital − capital_charge,currency,Когорта и горизонт H,Уточнение существующего ID; экономическая прибыль не бухгалтерский P&L,proposed_analytical_definition_verify_before_use,Одна когорта на общем горизонте,Результат до капитала минус согласованная плата за капитал,not_applicable,Двойной учёт затрат/FTP/потерь; несозревшие потери не считать нулём,cohort|H|risk_basis|cost_allocation|capital_rule|tax_basis,2026-10-07,analytical_proposal_BB02,
payback,Окупаемость по согласованной экономике,Первое пересечение нуля накопленным результатом выбранного вида с отражением последующих убытков,time,Когорта и полный доступный горизонт,После первого пересечения возможен убыток; неполный горизонт не доказывает устойчивость,proposed_analytical_definition_verify_before_use,Одна когорта,Время от t0 до установленного события окупаемости,not_applicable,Недоступная будущая экономика; подмена прибыли выдачами,profit_basis|t0|H|discounting|risk_basis,2026-10-07,analytical_proposal_BB02,
registered_business,Зарегистрированные бизнес-субъекты,COUNT DISTINCT business_id с завершённой регистрацией в сервисе,companies,Когорта или период,Если субъект не идентифицирован считать регистрации/пользователей отдельно,proposed_analytical_definition_verify_before_use,Идентифицированные бизнес-регистрации,Уникальные зарегистрированные субъекты,not_applicable,Дубли; боты/тесты; неподтверждённые пользовательские регистрации,registration_event|identity_rule|period,2026-10-07,analytical_proposal_BB02,
connected_business,Подключённые компании,COUNT DISTINCT business_id с рабочим доступом к выбранному сервису,companies,Когорта t0 или дата,Для кредита/ПО не требовать своего счёта; продукт и доступ подтверждены,proposed_analytical_definition_verify_before_use,Один сервис и правовая граница клиента,Субъекты с завершённым подключением,not_applicable,Черновики; демо; дубли; маркетинговые контакты,connection_event|product|t0,2026-10-07,analytical_proposal_BB02,
legal_entity_share,Доля юридических лиц,100 × подтверждённые юрлица / все субъекты явно выбранной базы,percent,Дата либо когорта,Неизвестные формы остаются в полной базе; долю среди известных назвать иначе,proposed_analytical_definition_verify_before_use,Подключённые либо активные либо заёмщики явно,Субъекты с подтверждённой формой legal_entity,Все субъекты выбранной базы,Не включать ИП/самостоятельных специалистов в юрлица без проверки,population|form_mapping|unknown_share|period,2026-10-07,analytical_proposal_BB02,
paying_business,Платящие за сервис компании,COUNT DISTINCT business_id с фактически признанным/полученным платежом за выбранный сервис по указанной базе,companies,Период,Тариф; комиссия и кредитные проценты раздельно; платящий не обязательно активный,proposed_analytical_definition_verify_before_use,Клиенты одного сервиса,Субъекты с подтверждённой оплатой сервиса,not_applicable,Бесплатный план; демо; аннулированные начисления; кредитный поток при сервисном охвате,payment_or_recognition_basis|service|period,2026-10-07,analytical_proposal_BB02,
time_to_first_useful_operation,Время до первой полезной задачи,Распределение first_useful_operation_time − t0 по дошедшим с раскрытием остальных,time,От t0; единое окно наблюдения,Медиана дошедших без доли недошедших вводит в заблуждение,proposed_analytical_definition_verify_before_use,Полностью наблюдаемая когорта выбранного пути,Временные интервалы дошедших,not_applicable,Неполное наблюдение обозначать цензурированным а не нулём,t0|event_rule|time_unit|W|censoring_rule|statistic,2026-10-07,analytical_proposal_BB02,
workflow_active_business,Активные в финансовых рабочих задачах,COUNT DISTINCT business_id с квалифицирующей завершённой задачей по W/K,companies,Окно W,Не платёжная активность; отправка счёта не оплата,proposed_analytical_definition_verify_before_use,Клиенты выбранной функции,Субъекты с завершёнными полезными задачами,not_applicable,Черновики; вход; настройка; демо; повторные технические события,W|K|task_types|completion_rule,2026-10-07,analytical_proposal_BB02,
useful_operation_count,Число полезных операций,COUNT DISTINCT qualifying_event_id выбранного типа,events,Период,События не уникальные клиенты; однородные классы раздельно,proposed_analytical_definition_verify_before_use,Квалифицирующие события,Число очищенных событий,not_applicable,Технические дубли; отмены; тесты; связанная операция и сторно по правилу,event_class|classifier_version|period|reversal_rule,2026-10-07,analytical_proposal_BB02,
reactivated_business,Вернувшиеся к полезной активности,COUNT DISTINCT business_id из исходной базы с новой активностью после определённой паузы,companies,Период возврата и длина паузы,Возврат не новое привлечение; периодическая активность не непрерывное удержание,proposed_analytical_definition_verify_before_use,Субъекты с прежней подтверждённой активностью,Вернувшиеся после паузы по правилу,not_applicable,Новые клиенты; неизвестная предыдущая активность,pause_rule|activity_rule|lookback|period,2026-10-07,analytical_proposal_BB02,
data_history_duration,Доступная длина истории данных,Интервал покрытой пригодной истории по источнику с явными разрывами,time,Дата оценки,Не возраст регистрации и не число месяцев с момента открытия,proposed_analytical_definition_verify_before_use,Субъекты и конкретные источники,Длительность пригодной истории,not_applicable,Недоступные интервалы; разрывы не считать непрерывной историей,source_type|as_of_date|gap_rule|time_unit,2026-10-07,analytical_proposal_BB02,
data_coverage,Покрытие требуемых данных,100 × доступные требуемые элементы/интервалы / ожидаемые по согласованной схеме,percent,Дата и версия схемы,При неизвестном полном потоке не выдавать за долю всей выручки бизнеса,proposed_analytical_definition_verify_before_use,Субъекты с определённым требуемым набором,Доступные квалифицирующие элементы/интервалы,Полный требуемый набор по политике,Дубли; непригодные/устаревшие элементы,required_schema|coverage_unit|as_of_date|policy_version,2026-10-07,analytical_proposal_BB02,
data_consent_valid,Доступ к данным на дату оценки,COUNT DISTINCT business_id с действующим необходимым основанием и доступным подключением к данным,companies,Дата оценки,Правовое основание и техническая доступность раздельно проверяются; не длина истории,proposed_analytical_definition_verify_before_use,Целевая база и источник,Субъекты с подтверждённым текущим доступом,not_applicable,Истёкшее/отозванное основание; недоступная интеграция; неизвестность,source_type|access_basis|as_of_date|verification_rule,2026-10-07,analytical_proposal_BB02,
credit_need_observed,Наблюдаемая потребность в кредите,COUNT DISTINCT business_id с подтверждённым сигналом потребности по указанному правилу,companies,Период,Запрос/опрос/поведение раздельно; сигнал не одобрение и не причинный факт,proposed_analytical_definition_verify_before_use,Явно заданная опрошенная/наблюдаемая база,Субъекты с квалифицирующим сигналом,not_applicable,Не отвечавшие не считаются не нуждающимися; общий расход не всегда кредитный спрос,need_signal|population|period|evidence_basis,2026-10-07,analytical_proposal_BB02,
credit_applicants,Уникальные заявители на кредит,COUNT DISTINCT business_id с принятой к процессу заявкой,companies,Когорта заявок,Компания не число анкет; повторные обращения раздельно,proposed_analytical_definition_verify_before_use,Принятые заявки выбранного продукта,Уникальные заявители,not_applicable,Черновики; контакты; незавершённые анкеты если не приняты,submission_event|product|period|repeat_rule,2026-10-07,analytical_proposal_BB02,
credit_approved,Компании с положительным кредитным решением,COUNT DISTINCT business_id с окончательным положительным решением по правилу,companies,Когорта рассмотрений либо дата,Условные/частичные решения выделять; не выдача,proposed_analytical_definition_verify_before_use,Субъекты по рассмотренным заявкам,Субъекты с положительным финальным решением,not_applicable,Предварительный лимит; неисполненные условия; дубли,decision_rule|cohort|full_partial_conditional,2026-10-07,analytical_proposal_BB02,
application_approval_rate,Доля компаний с одобрением,100 × субъекты с положительным решением / субъекты с завершённым рассмотрением в той же когорте,percent,Когорта и горизонт рассмотрения,Предложенное правило по компаниям; показатели по заявкам хранить отдельно,proposed_analytical_definition_verify_before_use,Субъекты одной когорты рассмотрения,Уникальные одобренные субъекты,Уникальные субъекты с финальным рассмотрением,Ожидающие/отозванные отдельно; неоднозначные множественные решения по правилу,decision_rule|dedup_rule|cohort|H,2026-10-07,analytical_proposal_BB02,
disbursement_conversion,Одобрение в использование кредита,100 × субъекты с выдачей в W после одобрения / одобренные той же когорты с полным W,percent,Окно W после финального одобрения,Не принятие предложения; не одобрения в текущем месяце против старых выдач,proposed_analytical_definition_verify_before_use,Когорта финальных одобрений,Одобренные с фактической выдачей в W,Все одобренные той же когорты с полным W,Неполные окна раскрыть; дубли договоров,approval_cohort|W|disbursement_rule,2026-10-07,analytical_proposal_BB02,
connected_to_borrower,Подключение в заёмщика,100 × субъекты подключённой когорты с использованием кредита в H / исходная подключённая когорта с полным H,percent,Горизонт H от t0,РКО/ПО/кредитный сервис имеют разные события t0; охват обозначать,proposed_analytical_definition_verify_before_use,Когорта подключений,Субъекты этой когорты с фактическим использованием кредита,Все субъекты исходной подключённой когорты с полным H,Дубли; неполный горизонт; новые и ранее кредитовавшиеся раздельно,t0|H|cohort|prior_borrower_rule,2026-10-07,analytical_proposal_BB02,
active_to_borrower,Активация в последующее кредитование,100 × субъекты A0 с последующей выдачей за H / все A0 с полным H,percent,От первого полезного события до H,Активность должна предшествовать выдаче; не включает активацию после кредита,proposed_analytical_definition_verify_before_use,Фиксированная группа A0 выбранного вида активности,Субъекты A0 с последующим использованием кредита,Все A0 с достаточным наблюдением,Кредит до активации; несовпадающие базы; неполный H,activation_rule|A0|H|prior_borrower_rule,2026-10-07,analytical_proposal_BB02,
active_borrowers,Заёмщики с задолженностью на дату,COUNT DISTINCT business_id с положительной задолженностью выбранного вида,companies,Фиксированная дата,Не все исторические заёмщики и не заемщики с выдачей за период,proposed_analytical_definition_verify_before_use,Один портфель и вид задолженности,Субъекты с непогашенной задолженностью,not_applicable,Полностью погашенные; неиспользованные лимиты,as_of_date|debt_basis|portfolio_scope,2026-10-07,analytical_proposal_BB02,
repeat_borrowers,Заёмщики с повторным использованием,COUNT DISTINCT business_id с повторным фактическим использованием по согласованному правилу,companies,Период и глубина предыстории,Новый договор; выборка линии; продление и рефинансирование не тождественны,proposed_analytical_definition_verify_before_use,Субъекты с подтверждённой предысторией кредита,Повторно использовавшие кредит,not_applicable,Дубли; продолжение одного кредита если не считается повтором; неизвестная предыстория,repeat_event|lookback|period|refinance_rule,2026-10-07,analytical_proposal_BB02,
average_loan_stock,Средний кредитный портфель,SUM кредитный остаток × длительность / SUM длительность,currency,Период,Средний валовой/чистый и начисления явно; начало/конец лишь маркированная approximation,proposed_analytical_definition_verify_before_use,Один портфель и валюта,Взвешенные кредитные остатки,Покрытая длительность,Несопоставимые виды остатка; сумму выдач не использовать,stock_basis|period|sampling|currency,2026-10-07,analytical_proposal_BB02,
acquisition_cost_total,Расходы привлечения когорты,SUM затрат согласованного состава распределённых на одну когорту,currency,Когорта и период расходов,Одна затрата учитывается один раз; календарный расход не автоматически когортный,proposed_analytical_definition_verify_before_use,Новая клиентская когорта,Затраты канала; персонала; стимулы и иное по правилам,not_applicable,Двойной счёт затрат и скидок в выручке; не терять неуспешные контакты,cost_scope|allocation_rule|cohort|currency,2026-10-07,analytical_proposal_BB02,
cac_borrower,Расходы привлечения на заёмщика,Согласованные расходы привлечения когорты / заёмщики этой когорты в H,currency_per_company,Когорта и горизонт H,Расходы на незаёмщиков включаются; оформление/риск не входят если отдельно не заявлены,proposed_analytical_definition_verify_before_use,Когорта привлечения,Те же расходы привлечения что в cac_opened/cac_active,Заёмщики из этой когорты с полным H,Дубли выдач; неполный горизонт; смешение существующих и новых,cohort|H|allocation_rule|prior_borrower_rule,2026-10-07,analytical_proposal_BB02,
net_service_revenue,Чистый доход сервисов когорты,Доход РКО/платежей/ПО принадлежащий провайдеру нетто по указанной схеме,currency,Когорта и горизонт H,Брутто/нетто; комиссия партнёра; субсидии и FTP явно,proposed_analytical_definition_verify_before_use,Сервисы конкретной когорты,Признанный доход сервисов по согласованной базе,not_applicable,Кредитная маржа если отдельно; двойной счёт партнёрских расходов/бонусов,revenue_basis|partner_share|cohort|H|ftp_treatment,2026-10-07,analytical_proposal_BB02,
credit_margin_after_ftp,Кредитный результат после FTP,Кредитные доходы и согласованные комиссии минус внутреннее фондирование по выбранной методике,currency,Когорта и период,До риска/капитала если так определено; не рекламная ставка или выдачи,proposed_analytical_definition_verify_before_use,Кредит выбранной когорты и доли риска,Принадлежащий банку кредитный результат после FTP,not_applicable,Тело кредита; чужая маржа; повторный расход фондирования,recognition_rule|ftp_rule|partner_share|cohort|H,2026-10-07,analytical_proposal_BB02,
credit_loss_amount,Кредитные потери для экономики когорты,Расход/потери на выбранной одной основе с указанием горизонта и возвратов,currency,Кредитная когорта и горизонт созревания,Обесценение; ожидаемые; реализованные потери не складывать для одного убытка,proposed_analytical_definition_verify_before_use,Кредитная когорта и фактическая доля риска,Потери по одной определённой методике,not_applicable,Двойной счёт резервов и списаний; незрелые нулевые списания не прогноз потерь,risk_basis|recoveries_rule|vintage|maturity|H,2026-10-07,analytical_proposal_BB02,
capital_charge,Плата за выделенный капитал,Согласованная ставка требуемой доходности × выделенный капитал с временным взвешиванием,currency,Когорта и период начисления,Не бухгалтерский расход; нельзя считать RWA равным капиталу,proposed_analytical_definition_verify_before_use,Доля капитала определённого бизнеса,Расчётная плата за капитал,not_applicable,Двойной счёт общей и распределённой платы; смешение регуляторного и экономического капитала,capital_basis|required_return|time_basis|allocation_rule,2026-10-07,analytical_proposal_BB02,
cohort_profit_before_capital,Результат когорты до платы за капитал,net_service_revenue + credit_margin_after_ftp − привлечение − активация/проверки − обслуживание/взыскание − credit_loss_amount − прочие затраты,currency,Когорта и горизонт H,Не официальный бухгалтерский P&L без схемы налога/резервов/затрат; без двойного счёта,proposed_analytical_definition_verify_before_use,Одна исходная когорта включая закрывшихся,Согласованные доходы минус единожды распределённые расходы и риск,not_applicable,Повторный учёт FTP/субсидий/потерь; тело кредита не расход/доход,cohort|H|tax_basis|risk_basis|cost_allocation|ftp_rule,2026-10-07,analytical_proposal_BB02,
subscription_monthly_equivalent,Стоимость плана в месяц,Опубликованная месячная цена; тип оплаты и налоговый статус в scope,currency_per_month,Период/дата раскрытия,Сохранять страну; scope; bound; тип цены; не нормализовано,source_reported_definition_not_harmonized,Указанный продукт или консолидированный бизнес,По определению источника,По определению источника или not_applicable,Не заменять аналитические определения BB-02,source_definition|scope|bound|as_of|payment_frequency,2026-10-07,BB04_source_observation,BB-S0033|BB-S0034|BB-S0055|BB-S0056|BB-S0054
offered_credit_limit,Порог/предел предлагаемого кредита,Опубликованный предел; нижняя граница и максимум отдельно; не фактический лимит заемщика,currency,Период/дата раскрытия,Сохранять страну; scope; bound; тип цены; не нормализовано,source_reported_definition_not_harmonized,Указанный продукт или консолидированный бизнес,По определению источника,По определению источника или not_applicable,Не заменять аналитические определения BB-02,source_definition|scope|bound|as_of|payment_frequency,2026-10-07,BB04_source_observation,BB-S0035|BB-S0040|BB-S0061|BB-S0062
offered_credit_term,Срок предлагаемого кредита,Опубликованная доступная длительность; не наблюдаемая дюрация,months,Период/дата раскрытия,Сохранять страну; scope; bound; тип цены; не нормализовано,source_reported_definition_not_harmonized,Указанный продукт или консолидированный бизнес,По определению источника,По определению источника или not_applicable,Не заменять аналитические определения BB-02,source_definition|scope|bound|as_of|payment_frequency,2026-10-07,BB04_source_observation,BB-S0028|BB-S0061
eligibility_business_age,Возраст бизнеса для допуска,Порог регистрации или trading по источнику; не единое определение возраста,months,Период/дата раскрытия,Сохранять страну; scope; bound; тип цены; не нормализовано,source_reported_definition_not_harmonized,Указанный продукт или консолидированный бизнес,По определению источника,По определению источника или not_applicable,Не заменять аналитические определения BB-02,source_definition|scope|bound|as_of|payment_frequency,2026-10-07,BB04_source_observation,BB-S0028|BB-S0042|BB-S0038
eligibility_balance,Остаток для допуска к счёту,Опубликованный требуемый остаток; не средний остаток базы,currency,Период/дата раскрытия,Сохранять страну; scope; bound; тип цены; не нормализовано,source_reported_definition_not_harmonized,Указанный продукт или консолидированный бизнес,По определению источника,По определению источника или not_applicable,Не заменять аналитические определения BB-02,source_definition|scope|bound|as_of|payment_frequency,2026-10-07,BB04_source_observation,BB-S0042
eligibility_turnover,Оборот для допуска к продукту,Порог годового оборота по продукту и гарантийной программе,currency_per_year,Период/дата раскрытия,Сохранять страну; scope; bound; тип цены; не нормализовано,source_reported_definition_not_harmonized,Указанный продукт или консолидированный бизнес,По определению источника,По определению источника или not_applicable,Не заменять аналитические определения BB-02,source_definition|scope|bound|as_of|payment_frequency,2026-10-07,BB04_source_observation,BB-S0038
arrangement_fee,Комиссия оформления,"Процент согласованного лимита, а не процент использованного кредита",percent,Период/дата раскрытия,Сохранять страну; scope; bound; тип цены; не нормализовано,source_reported_definition_not_harmonized,Указанный продукт или консолидированный бизнес,По определению источника,По определению источника или not_applicable,Не заменять аналитические определения BB-02,source_definition|scope|bound|as_of|payment_frequency,2026-10-07,BB04_source_observation,BB-S0040
reported_active_service_customers,Раскрытые активные клиенты продукта,Active по сообщению компании; операционный порог не раскрыт; bound в scope,reported_customers,Период/дата раскрытия,Сохранять страну; scope; bound; тип цены; не нормализовано,source_reported_definition_not_harmonized,Указанный продукт или консолидированный бизнес,По определению источника,По определению источника или not_applicable,Не заменять аналитические определения BB-02,source_definition|scope|bound|as_of|payment_frequency,2026-10-07,BB04_source_observation,BB-S0043
reported_gross_revenue,Раскрытая валовая выручка,"Gross revenue по раскрытию, не чистый процентный доход и не когорта",currency,Период/дата раскрытия,Сохранять страну; scope; bound; тип цены; не нормализовано,source_reported_definition_not_harmonized,Указанный продукт или консолидированный бизнес,По определению источника,По определению источника или not_applicable,Не заменять аналитические определения BB-02,source_definition|scope|bound|as_of|payment_frequency,2026-10-07,BB04_source_observation,BB-S0043
reported_statutory_pbt,Отчётная прибыль до налога,Statutory PBT по сообщению компании; не экономическая прибыль когорты,currency,Период/дата раскрытия,Сохранять страну; scope; bound; тип цены; не нормализовано,source_reported_definition_not_harmonized,Указанный продукт или консолидированный бизнес,По определению источника,По определению источника или not_applicable,Не заменять аналитические определения BB-02,source_definition|scope|bound|as_of|payment_frequency,2026-10-07,BB04_source_observation,BB-S0043
reported_underlying_pbt,Скорректированная прибыль до налога,"Underlying PBT; не заменяет statutory, сверка в ограничениях",currency,Период/дата раскрытия,Сохранять страну; scope; bound; тип цены; не нормализовано,source_reported_definition_not_harmonized,Указанный продукт или консолидированный бизнес,По определению источника,По определению источника или not_applicable,Не заменять аналитические определения BB-02,source_definition|scope|bound|as_of|payment_frequency,2026-10-07,BB04_source_observation,BB-S0043
reported_lending_balance,Раскрытый кредитный портфель,"Total lending по релизу, округлённый итог; не выдачи",currency,Период/дата раскрытия,Сохранять страну; scope; bound; тип цены; не нормализовано,source_reported_definition_not_harmonized,Указанный продукт или консолидированный бизнес,По определению источника,По определению источника или not_applicable,Не заменять аналитические определения BB-02,source_definition|scope|bound|as_of|payment_frequency,2026-10-07,BB04_source_observation,BB-S0043
reported_deposits,Раскрытые депозиты,Депозиты клиентов в раскрытом охвате; не остатки расчётных счетов,currency,Период/дата раскрытия,Сохранять страну; scope; bound; тип цены; не нормализовано,source_reported_definition_not_harmonized,Указанный продукт или консолидированный бизнес,По определению источника,По определению источника или not_applicable,Не заменять аналитические определения BB-02,source_definition|scope|bound|as_of|payment_frequency,2026-10-07,BB04_source_observation,BB-S0043
reported_mortgage_balance,Раскрытый портфель коммерческой ипотеки,Коммерческая ипотека по релизу; отдельный кредитный продукт,currency,Период/дата раскрытия,Сохранять страну; scope; bound; тип цены; не нормализовано,source_reported_definition_not_harmonized,Указанный продукт или консолидированный бизнес,По определению источника,По определению источника или not_applicable,Не заменять аналитические определения BB-02,source_definition|scope|bound|as_of|payment_frequency,2026-10-07,BB04_source_observation,BB-S0043
cet1_ratio,Достаточность CET1,"CET1/RWA по Pillar 3, консолидированный охват",percent,Период/дата раскрытия,Сохранять страну; scope; bound; тип цены; не нормализовано,source_reported_definition_not_harmonized,Указанный продукт или консолидированный бизнес,По определению источника,По определению источника или not_applicable,Не заменять аналитические определения BB-02,source_definition|scope|bound|as_of|payment_frequency,2026-10-07,BB04_source_observation,BB-S0044
total_capital_ratio,Достаточность совокупного капитала,Total capital/RWA по Pillar 3,percent,Период/дата раскрытия,Сохранять страну; scope; bound; тип цены; не нормализовано,source_reported_definition_not_harmonized,Указанный продукт или консолидированный бизнес,По определению источника,По определению источника или not_applicable,Не заменять аналитические определения BB-02,source_definition|scope|bound|as_of|payment_frequency,2026-10-07,BB04_source_observation,BB-S0044
lcr,Покрытие ликвидности,LCR с базой усреднения конкретного источника,percent,Период/дата раскрытия,Сохранять страну; scope; bound; тип цены; не нормализовано,source_reported_definition_not_harmonized,Указанный продукт или консолидированный бизнес,По определению источника,По определению источника или not_applicable,Не заменять аналитические определения BB-02,source_definition|scope|bound|as_of|payment_frequency,2026-10-07,BB04_source_observation,BB-S0044
nsfr,Стабильное фондирование,NSFR с базой усреднения конкретного источника,percent,Период/дата раскрытия,Сохранять страну; scope; bound; тип цены; не нормализовано,source_reported_definition_not_harmonized,Указанный продукт или консолидированный бизнес,По определению источника,По определению источника или not_applicable,Не заменять аналитические определения BB-02,source_definition|scope|bound|as_of|payment_frequency,2026-10-07,BB04_source_observation,BB-S0044
one_off_fee,Разовый опубликованный сбор,Стоимость разового действия по конкретному предложению; налоговый режим/пакет отдельно,currency,Дата раскрытия/действия предложения,"Только при одинаковом scope, bound, географии, налоговом/платёжном режиме; не гармонизировано",source_reported_definition_not_harmonized,Раскрытый продукт или географическая база,По исходному определению,По источнику либо not_applicable,Не подменять активность/выдачи/прибыль чужим знаменателем,scope|bound|as_of|source_definition|tax_regime|payment_mode,2026-10-07,BB05_Tide_source_observation,BB-S0054|BB-S0077
subscription_commitment_months,Месяцы платы по условию пакета,Раскрытое число последующих месяцев платной подписки; не срок кредита,months,Дата раскрытия/действия предложения,"Только при одинаковом scope, bound, географии, налоговом/платёжном режиме; не гармонизировано",source_reported_definition_not_harmonized,Раскрытый продукт или географическая база,По исходному определению,По источнику либо not_applicable,Не подменять активность/выдачи/прибыль чужим знаменателем,scope|bound|as_of|source_definition|tax_regime|payment_mode,2026-10-07,BB05_Tide_source_observation,BB-S0054
monthly_interest_rate,Раскрытая месячная ставка,Месячная ставка на остаток по источнику; не APR/годовая эффективная,percent_per_month,Дата раскрытия/действия предложения,"Только при одинаковом scope, bound, географии, налоговом/платёжном режиме; не гармонизировано",source_reported_definition_not_harmonized,Раскрытый продукт или географическая база,По исходному определению,По источнику либо not_applicable,Не подменять активность/выдачи/прибыль чужим знаменателем,scope|bound|as_of|source_definition|tax_regime|payment_mode,2026-10-07,BB05_Tide_source_observation,BB-S0061
reported_platform_members,Раскрытые члены платформы,Members по сообщению компании; число/география/точная граница; активность не раскрыта,reported_members,Дата раскрытия/действия предложения,"Только при одинаковом scope, bound, географии, налоговом/платёжном режиме; не гармонизировано",source_reported_definition_not_harmonized,Раскрытый продукт или географическая база,По исходному определению,По источнику либо not_applicable,Не подменять активность/выдачи/прибыль чужим знаменателем,scope|bound|as_of|source_definition|tax_regime|payment_mode,2026-10-07,BB05_Tide_source_observation,BB-S0065|BB-S0066
counterparty_reported_customers,Клиенты по сообщению контрагента,"Число SMEs, сообщённое партнёром; не нормализовано к active/members",reported_SMEs,Дата раскрытия/действия предложения,"Только при одинаковом scope, bound, географии, налоговом/платёжном режиме; не гармонизировано",source_reported_definition_not_harmonized,Раскрытый продукт или географическая база,По исходному определению,По источнику либо not_applicable,Не подменять активность/выдачи/прибыль чужим знаменателем,scope|bound|as_of|source_definition|tax_regime|payment_mode,2026-10-07,BB05_Tide_source_observation,BB-S0067
facility_announced_capacity,Объявленная ёмкость фондирования,"Объявленный лимит debt facility; не выборка, выдачи или остаток портфеля",currency,Дата раскрытия/действия предложения,"Только при одинаковом scope, bound, географии, налоговом/платёжном режиме; не гармонизировано",source_reported_definition_not_harmonized,Раскрытый продукт или географическая база,По исходному определению,По источнику либо not_applicable,Не подменять активность/выдачи/прибыль чужим знаменателем,scope|bound|as_of|source_definition|tax_regime|payment_mode,2026-10-07,BB05_Tide_source_observation,BB-S0064
reauthentication_interval,Интервал переаутентификации сервиса,"Частота, указанная в продуктовой помощи; не универсальная норма",days,Дата раскрытия/действия предложения,"Только при одинаковом scope, bound, географии, налоговом/платёжном режиме; не гармонизировано",source_reported_definition_not_harmonized,Раскрытый продукт или географическая база,По исходному определению,По источнику либо not_applicable,Не подменять активность/выдачи/прибыль чужим знаменателем,scope|bound|as_of|source_definition|tax_regime|payment_mode,2026-10-07,BB05_Tide_source_observation,BB-S0059
cashback_rate,Ставка cashback,Объявленная доля cashback по условиям карты,percent,Дата условия/отчётный период,Не гармонизировано; только одинаковые scope/границы/периоды/продукты,source_reported_definition_not_harmonized,Продуктовая или общая база по источнику,По источнику,not_applicable_unless_source_defined,"Не подменять активность, кредитный flow/stock или прибыль",scope|bound|as_of|source_definition|payment_mode,2026-10-07,BB05_Mercury_source_observation,BB-S0079
foreign_transaction_fee,Комиссия карты non-USD,Процент карточной FX transaction fee; не комиссия перевода/FX spread,percent,Дата условия/отчётный период,Не гармонизировано; только одинаковые scope/границы/периоды/продукты,source_reported_definition_not_harmonized,Продуктовая или общая база по источнику,По источнику,not_applicable_unless_source_defined,"Не подменять активность, кредитный flow/stock или прибыль",scope|bound|as_of|source_definition|payment_mode,2026-10-07,BB05_Mercury_source_observation,BB-S0081
annual_card_fee,Годовая комиссия карты,Объявленная annual card fee,currency_per_year,Дата условия/отчётный период,Не гармонизировано; только одинаковые scope/границы/периоды/продукты,source_reported_definition_not_harmonized,Продуктовая или общая база по источнику,По источнику,not_applicable_unless_source_defined,"Не подменять активность, кредитный flow/stock или прибыль",scope|bound|as_of|source_definition|payment_mode,2026-10-07,BB05_Mercury_source_observation,BB-S0081
source_required_history,Минимальная история данных,Требуемая underwriting история; не реально полученная coverage,days,Дата условия/отчётный период,Не гармонизировано; только одинаковые scope/границы/периоды/продукты,source_reported_definition_not_harmonized,Продуктовая или общая база по источнику,По источнику,not_applicable_unless_source_defined,"Не подменять активность, кредитный flow/stock или прибыль",scope|bound|as_of|source_definition|payment_mode,2026-10-07,BB05_Mercury_source_observation,BB-S0079
source_reconnection_grace,Время на восстановление связи,Окно после потери связи по help; не юридическая норма доступа,days,Дата условия/отчётный период,Не гармонизировано; только одинаковые scope/границы/периоды/продукты,source_reported_definition_not_harmonized,Продуктовая или общая база по источнику,По источнику,not_applicable_unless_source_defined,"Не подменять активность, кредитный flow/stock или прибыль",scope|bound|as_of|source_definition|payment_mode,2026-10-07,BB05_Mercury_source_observation,BB-S0079
scheduled_payment_interval,Интервал платежей,Указанный период между contractual/scheduled payments,days,Дата условия/отчётный период,Не гармонизировано; только одинаковые scope/границы/периоды/продукты,source_reported_definition_not_harmonized,Продуктовая или общая база по источнику,По источнику,not_applicable_unless_source_defined,"Не подменять активность, кредитный flow/stock или прибыль",scope|bound|as_of|source_definition|payment_mode,2026-10-07,BB05_Mercury_source_observation,BB-S0080
reported_annualized_revenue,Раскрытый annualized revenue,Заявленный run-rate компании; метод годового приведения неизвестен,currency_per_year,Дата условия/отчётный период,Не гармонизировано; только одинаковые scope/границы/периоды/продукты,source_reported_definition_not_harmonized,Продуктовая или общая база по источнику,По источнику,not_applicable_unless_source_defined,"Не подменять активность, кредитный flow/stock или прибыль",scope|bound|as_of|source_definition|payment_mode,2026-10-07,BB05_Mercury_source_observation,BB-S0082|BB-S0083
reported_transaction_volume,Объявленный объём транзакций,Volume платформы за год; gross/net и исключения неполны,currency,Дата условия/отчётный период,Не гармонизировано; только одинаковые scope/границы/периоды/продукты,source_reported_definition_not_harmonized,Продуктовая или общая база по источнику,По источнику,not_applicable_unless_source_defined,"Не подменять активность, кредитный flow/stock или прибыль",scope|bound|as_of|source_definition|payment_mode,2026-10-07,BB05_Mercury_source_observation,BB-S0082
reported_customers_mixed,Клиенты общей платформы,Reported customers с business/personal; без порога активности,reported_customers,Дата условия/отчётный период,Не гармонизировано; только одинаковые scope/границы/периоды/продукты,source_reported_definition_not_harmonized,Продуктовая или общая база по источнику,По источнику,not_applicable_unless_source_defined,"Не подменять активность, кредитный flow/stock или прибыль",scope|bound|as_of|source_definition|payment_mode,2026-10-07,BB05_Mercury_source_observation,BB-S0083
ownership_ID_threshold,Порог участия для ID,Ownership threshold требования идентификации; не доля типов клиентов,percent,Дата условия/отчётный период,Не гармонизировано; только одинаковые scope/границы/периоды/продукты,source_reported_definition_not_harmonized,Продуктовая или общая база по источнику,По источнику,not_applicable_unless_source_defined,"Не подменять активность, кредитный flow/stock или прибыль",scope|bound|as_of|source_definition|payment_mode,2026-10-07,BB05_Mercury_source_observation,BB-S0094
required_business_cash,Деньги бизнеса для допуска,Публичный minimum cash любой связанной US business bank account; не минимальный остаток Checking,currency,Дата условия/раскрытия; для роста окно наблюдения,"Сопоставлять только одинаковые scope, даты, границы и определения; не гармонизировано",source_reported_definition_not_harmonized,Указанный продукт/группа по источнику,По определению источника,По источнику; not_applicable для абсолютных величин,"Не подменять активность, credit stock/flow, причинный эффект и прибыль",scope|bound|as_of|source_definition|payment_mode|population,2026-10-07,BB05_Ramp_source_observation,BB-S0099
subscription_per_user,Подписка на пользователя,Цена в месяц за billable active user; platform fee отдельно,currency_per_user_month,Дата условия/раскрытия; для роста окно наблюдения,"Сопоставлять только одинаковые scope, даты, границы и определения; не гармонизировано",source_reported_definition_not_harmonized,Указанный продукт/группа по источнику,По определению источника,По источнику; not_applicable для абсолютных величин,"Не подменять активность, credit stock/flow, причинный эффект и прибыль",scope|bound|as_of|source_definition|payment_mode|population,2026-10-07,BB05_Ramp_source_observation,BB-S0103|BB-S0105
payment_transaction_fee,Комиссия платежа,Цена одной операции указанного типа и источника денег,currency_per_transaction,Дата условия/раскрытия; для роста окно наблюдения,"Сопоставлять только одинаковые scope, даты, границы и определения; не гармонизировано",source_reported_definition_not_harmonized,Указанный продукт/группа по источнику,По определению источника,По источнику; not_applicable для абсолютных величин,"Не подменять активность, credit stock/flow, причинный эффект и прибыль",scope|bound|as_of|source_definition|payment_mode|population,2026-10-07,BB05_Ramp_source_observation,BB-S0104
cash_linked_limit_share,Доля денег в лимите,Указанная доля доступного Checking balance для daily-card лимита; не LTV бизнеса,percent,Дата условия/раскрытия; для роста окно наблюдения,"Сопоставлять только одинаковые scope, даты, границы и определения; не гармонизировано",source_reported_definition_not_harmonized,Указанный продукт/группа по источнику,По определению источника,По источнику; not_applicable для абсолютных величин,"Не подменять активность, credit stock/flow, причинный эффект и прибыль",scope|bound|as_of|source_definition|payment_mode|population,2026-10-07,BB05_Ramp_source_observation,BB-S0112
locked_cash_limit_multiplier,Множитель заблокированных денег,Изменение monthly card limit на единицу settled Reserve; не необеспеченное плечо,ratio,Дата условия/раскрытия; для роста окно наблюдения,"Сопоставлять только одинаковые scope, даты, границы и определения; не гармонизировано",source_reported_definition_not_harmonized,Указанный продукт/группа по источнику,По определению источника,По источнику; not_applicable для абсолютных величин,"Не подменять активность, credit stock/flow, причинный эффект и прибыль",scope|bound|as_of|source_definition|payment_mode|population,2026-10-07,BB05_Ramp_source_observation,BB-S0113
reported_platform_businesses,Раскрытые бизнес-клиенты,Публичное число бизнес-клиентов без операционного определения активности; включает enterprise,reported_businesses,Дата условия/раскрытия; для роста окно наблюдения,"Сопоставлять только одинаковые scope, даты, границы и определения; не гармонизировано",source_reported_definition_not_harmonized,Указанный продукт/группа по источнику,По определению источника,По источнику; not_applicable для абсолютных величин,"Не подменять активность, credit stock/flow, причинный эффект и прибыль",scope|bound|as_of|source_definition|payment_mode|population,2026-10-07,BB05_Ramp_source_observation,BB-S0116|BB-S0109
reported_annualized_purchase_volume,Раскрытый годовой темп оплат,Annualized purchase volume исключает bank transfers и non-monetized payments; не кредитные выдачи,currency_per_year,Дата условия/раскрытия; для роста окно наблюдения,"Сопоставлять только одинаковые scope, даты, границы и определения; не гармонизировано",source_reported_definition_not_harmonized,Указанный продукт/группа по источнику,По определению источника,По источнику; not_applicable для абсолютных величин,"Не подменять активность, credit stock/flow, причинный эффект и прибыль",scope|bound|as_of|source_definition|payment_mode|population,2026-10-07,BB05_Ramp_source_observation,BB-S0116
reported_cash_and_investment_balances,Деньги и инвестиции клиентов,"Совокупные Checking/Investment balances, названные administration/management; не только депозиты или regulatory AUM",currency,Дата условия/раскрытия; для роста окно наблюдения,"Сопоставлять только одинаковые scope, даты, границы и определения; не гармонизировано",source_reported_definition_not_harmonized,Указанный продукт/группа по источнику,По определению источника,По источнику; not_applicable для абсолютных величин,"Не подменять активность, credit stock/flow, причинный эффект и прибыль",scope|bound|as_of|source_definition|payment_mode|population,2026-10-07,BB05_Ramp_source_observation,BB-S0109
reported_annualized_median_revenue_growth,Раскрытый рост выручки группы,Годовое приведение изменения median monthly revenue в наблюдаемой неслучайной группе; не причинный lift,percent_per_year,Дата условия/раскрытия; для роста окно наблюдения,"Сопоставлять только одинаковые scope, даты, границы и определения; не гармонизировано",source_reported_definition_not_harmonized,Указанный продукт/группа по источнику,По определению источника,По источнику; not_applicable для абсолютных величин,"Не подменять активность, credit stock/flow, причинный эффект и прибыль",scope|bound|as_of|source_definition|payment_mode|population,2026-10-07,BB05_Ramp_source_observation,BB-S0117
historical_vendor_finance_term,Исторический срок финансирования поставщика,Рекламируемый срок возврата исторического Flex; действующие условия неизвестны,days,Дата условия/раскрытия; для роста окно наблюдения,"Сопоставлять только одинаковые scope, даты, границы и определения; не гармонизировано",source_reported_definition_not_harmonized,Указанный продукт/группа по источнику,По определению источника,По источнику; not_applicable для абсолютных величин,"Не подменять активность, credit stock/flow, причинный эффект и прибыль",scope|bound|as_of|source_definition|payment_mode|population,2026-10-07,BB05_Ramp_source_observation,BB-S0122
square_free,free,Free monthly subscription; processing/hardware separate,USD_per_month_location,Дата условия либо отдельное окно отчётности,"Только совпадающие продукт, страна, когорта, дата, знаменатель и граница; not_harmonized",source_reported_definition_not_harmonized,US eligible Square merchants,Source reported; exact,not_applicable,Не активность/причинный эффект/прибыль иной группы,scope|bound|period|population,2026-10-07,BB05_Square,BB-S0129
square_plus,plus,Plus monthly subscription per location,USD_per_month_location,Дата условия либо отдельное окно отчётности,"Только совпадающие продукт, страна, когорта, дата, знаменатель и граница; not_harmonized",source_reported_definition_not_harmonized,US eligible Square merchants,Source reported; exact,not_applicable,Не активность/причинный эффект/прибыль иной группы,scope|bound|period|population,2026-10-07,BB05_Square,BB-S0129
square_premium,premium,Premium monthly subscription per location,USD_per_month_location,Дата условия либо отдельное окно отчётности,"Только совпадающие продукт, страна, когорта, дата, знаменатель и граница; not_harmonized",source_reported_definition_not_harmonized,US eligible Square merchants,Source reported; exact,not_applicable,Не активность/причинный эффект/прибыль иной группы,scope|bound|period|population,2026-10-07,BB05_Square,BB-S0129
square_processing_rate,processing_rate,Free in-person card percentage component; fixed fee separately,percent,Дата условия либо отдельное окно отчётности,"Только совпадающие продукт, страна, когорта, дата, знаменатель и граница; not_harmonized",source_reported_definition_not_harmonized,US eligible Square merchants,Source reported; exact,not_applicable,Не активность/причинный эффект/прибыль иной группы,scope|bound|period|population,2026-10-07,BB05_Square,BB-S0129
square_processing_fixed,processing_fixed,Free in-person fixed component plus percentage,USD_per_transaction,Дата условия либо отдельное окно отчётности,"Только совпадающие продукт, страна, когорта, дата, знаменатель и граница; not_harmonized",source_reported_definition_not_harmonized,US eligible Square merchants,Source reported; exact,not_applicable,Не активность/причинный эффект/прибыль иной группы,scope|bound|period|population,2026-10-07,BB05_Square,BB-S0129
square_owner,owner,Beneficial ownership disclosure threshold; managers separately,percent,Дата условия либо отдельное окно отчётности,"Только совпадающие продукт, страна, когорта, дата, знаменатель и граница; not_harmonized",source_reported_definition_not_harmonized,US eligible Square merchants,Source reported; exact,not_applicable,Не активность/причинный эффект/прибыль иной группы,scope|bound|period|population,2026-10-07,BB05_Square,BB-S0128
square_history_general,history_general,"Days using Square over past year: general help, not universal new model",days,Дата условия либо отдельное окно отчётности,"Только совпадающие продукт, страна, когорта, дата, знаменатель и граница; not_harmonized",source_reported_definition_not_harmonized,US eligible Square merchants,Source reported; exact,not_applicable,Не активность/причинный эффект/прибыль иной группы,scope|bound|period|population,2026-10-07,BB05_Square,BB-S0130
square_volume_guidance,volume_guidance,"Generally more likely volume guidance, not guaranteed eligibility",USD_per_year,Дата условия либо отдельное окно отчётности,"Только совпадающие продукт, страна, когорта, дата, знаменатель и граница; not_harmonized",source_reported_definition_not_harmonized,US eligible Square merchants,Source reported; exact,not_applicable,Не активность/причинный эффект/прибыль иной группы,scope|bound|period|population,2026-10-07,BB05_Square,BB-S0130
square_history_new,history_new,Some new sellers within first processing days; availability not guaranteed,days,Дата условия либо отдельное окно отчётности,"Только совпадающие продукт, страна, когорта, дата, знаменатель и граница; not_harmonized",source_reported_definition_not_harmonized,US eligible Square merchants,Source reported; exact,not_applicable,Не активность/причинный эффект/прибыль иной группы,scope|bound|period|population,2026-10-07,BB05_Square,BB-S0151
square_offer_growth,offer_growth,Greater-than active-offer comparison February2025 vs February2026,percent,Дата условия либо отдельное окно отчётности,"Только совпадающие продукт, страна, когорта, дата, знаменатель и граница; not_harmonized",source_reported_definition_not_harmonized,Active Square Loans offers; not originations,Source reported; greater_than,February2025 active offers,Не активность/причинный эффект/прибыль иной группы,scope|bound|period|population,2026-10-07,BB05_Square,BB-S0151
square_loan_min,loan_min,Lower advertised loan amount; actual model offer varies,USD,Дата условия либо отдельное окно отчётности,"Только совпадающие продукт, страна, когорта, дата, знаменатель и граница; not_harmonized",source_reported_definition_not_harmonized,US eligible Square merchants,Source reported; exact,not_applicable,Не активность/причинный эффект/прибыль иной группы,scope|bound|period|population,2026-10-07,BB05_Square,BB-S0131
square_loan_max,loan_max,Upper advertised amount dedicated help; actual offer varies,USD,Дата условия либо отдельное окно отчётности,"Только совпадающие продукт, страна, когорта, дата, знаменатель и граница; not_harmonized",source_reported_definition_not_harmonized,US eligible Square merchants,Source reported; exact,not_applicable,Не активность/причинный эффект/прибыль иной группы,scope|bound|period|population,2026-10-07,BB05_Square,BB-S0131
square_pricing_loan_max,pricing_loan_max,Upper amount on general pricing page; conflict preserved,USD,Дата условия либо отдельное окно отчётности,"Только совпадающие продукт, страна, когорта, дата, знаменатель и граница; not_harmonized",source_reported_definition_not_harmonized,US eligible Square merchants,Source reported; exact,not_applicable,Не активность/причинный эффект/прибыль иной группы,scope|bound|period|population,2026-10-07,BB05_Square,BB-S0129
square_review,review,Advertised review 1–2 business days; extra verification may extend,business_days,Дата условия либо отдельное окно отчётности,"Только совпадающие продукт, страна, когорта, дата, знаменатель и граница; not_harmonized",source_reported_definition_not_harmonized,US eligible Square merchants,Source reported; exact,not_applicable,Не активность/причинный эффект/прибыль иной группы,scope|bound|period|population,2026-10-07,BB05_Square,BB-S0131
square_external_funding,external_funding,Advertised external-bank funding 1–3 business days after approval,business_days,Дата условия либо отдельное окно отчётности,"Только совпадающие продукт, страна, когорта, дата, знаменатель и граница; not_harmonized",source_reported_definition_not_harmonized,US eligible Square merchants,Source reported; exact,not_applicable,Не активность/причинный эффект/прибыль иной группы,scope|bound|period|population,2026-10-07,BB05_Square,BB-S0131
square_unsecured,unsecured,No collateral up to and including this amount; above may UCC,USD,Дата условия либо отдельное окно отчётности,"Только совпадающие продукт, страна, когорта, дата, знаменатель и граница; not_harmonized",source_reported_definition_not_harmonized,US eligible Square merchants,Source reported; exact,not_applicable,Не активность/причинный эффект/прибыль иной группы,scope|bound|period|population,2026-10-07,BB05_Square,BB-S0131
square_pg,pg,PG required strictly above threshold,USD,Дата условия либо отдельное окно отчётности,"Только совпадающие продукт, страна, когорта, дата, знаменатель и граница; not_harmonized",source_reported_definition_not_harmonized,US eligible Square merchants,Source reported; exact,not_applicable,Не активность/причинный эффект/прибыль иной группы,scope|bound|period|population,2026-10-07,BB05_Square,BB-S0131
square_savings_base,savings_base,Current variable APY below balance threshold,percent_APY,Дата условия либо отдельное окно отчётности,"Только совпадающие продукт, страна, когорта, дата, знаменатель и граница; not_harmonized",source_reported_definition_not_harmonized,US eligible Square merchants,Source reported; exact,not_applicable,Не активность/причинный эффект/прибыль иной группы,scope|bound|period|population,2026-10-07,BB05_Square,BB-S0140
square_savings_tier,savings_tier,Current variable APY at or above balance threshold; effective2026-09-24,percent_APY,Дата условия либо отдельное окно отчётности,"Только совпадающие продукт, страна, когорта, дата, знаменатель и граница; not_harmonized",source_reported_definition_not_harmonized,US eligible Square merchants,Source reported; exact,not_applicable,Не активность/причинный эффект/прибыль иной группы,scope|bound|period|population,2026-10-07,BB05_Square,BB-S0140
square_savings_threshold,savings_threshold,APY tier balance threshold including folders/unpaid interest,USD,Дата условия либо отдельное окно отчётности,"Только совпадающие продукт, страна, когорта, дата, знаменатель и граница; not_harmonized",source_reported_definition_not_harmonized,US eligible Square merchants,Source reported; exact,not_applicable,Не активность/причинный эффект/прибыль иной группы,scope|bound|period|population,2026-10-07,BB05_Square,BB-S0140
square_savings_old,savings_old,Historical August11 rate at balance threshold; superseded,percent_APY,Дата условия либо отдельное окно отчётности,"Только совпадающие продукт, страна, когорта, дата, знаменатель и граница; not_harmonized",source_reported_definition_not_harmonized,US eligible Square merchants,Source reported; exact,not_applicable,Не активность/причинный эффект/прибыль иной группы,scope|bound|period|population,2026-10-07,BB05_Square,BB-S0144
square_card_reward,card_reward,"Cashback general eligible purchases, separate BillPay rate",percent,Дата условия либо отдельное окно отчётности,"Только совпадающие продукт, страна, когорта, дата, знаменатель и граница; not_harmonized",source_reported_definition_not_harmonized,US eligible Square merchants,Source reported; exact,not_applicable,Не активность/причинный эффект/прибыль иной группы,scope|bound|period|population,2026-10-07,BB05_Square,BB-S0142
square_bill_reward,bill_reward,Square Card Bill Pay advertised cashback; qualification/risk separate,percent,Дата условия либо отдельное окно отчётности,"Только совпадающие продукт, страна, когорта, дата, знаменатель и граница; not_harmonized",source_reported_definition_not_harmonized,US eligible Square merchants,Source reported; exact,not_applicable,Не активность/причинный эффект/прибыль иной группы,scope|bound|period|population,2026-10-07,BB05_Square,BB-S0144
square_bill_fee,bill_fee,Card-funded Bill Pay fee; external/Checking funding free,percent,Дата условия либо отдельное окно отчётности,"Только совпадающие продукт, страна, когорта, дата, знаменатель и граница; not_harmonized",source_reported_definition_not_harmonized,US eligible Square merchants,Source reported; exact,not_applicable,Не активность/причинный эффект/прибыль иной группы,scope|bound|period|population,2026-10-07,BB05_Square,BB-S0145
square_smart_max,smart_max,"Maximum voluntary daily withholding, autopay remains",percent_daily_sales,Дата условия либо отдельное окно отчётности,"Только совпадающие продукт, страна, когорта, дата, знаменатель и граница; not_harmonized",source_reported_definition_not_harmonized,US eligible Square merchants,Source reported; exact,not_applicable,Не активность/причинный эффект/прибыль иной группы,scope|bound|period|population,2026-10-07,BB05_Square,BB-S0143
square_partner_max,partner_max,"Pilot Homegrown funding upper advertised amount, not Square Loan",USD,Дата условия либо отдельное окно отчётности,"Только совпадающие продукт, страна, когорта, дата, знаменатель и граница; not_harmonized",source_reported_definition_not_harmonized,US eligible Square merchants,Source reported; exact,not_applicable,Не активность/причинный эффект/прибыль иной группы,scope|bound|period|population,2026-10-07,BB05_Square,BB-S0152
square_cumulative_count,cumulative_count,"More than loans and advances since May2014, not unique borrowers",loans_and_advances,Дата условия либо отдельное окно отчётности,"Только совпадающие продукт, страна, когорта, дата, знаменатель и граница; not_harmonized",source_reported_definition_not_harmonized,Global historical originations since May2014,Source reported; greater_than,not_applicable,Не активность/причинный эффект/прибыль иной группы,scope|bound|period|population,2026-10-07,BB05_Square,BB-S0155
square_cumulative_principal,cumulative_principal,More than cumulative principal since May2014; not balance,USD,Дата условия либо отдельное окно отчётности,"Только совпадающие продукт, страна, когорта, дата, знаменатель и граница; not_harmonized",source_reported_definition_not_harmonized,Global historical origination,Source reported; greater_than,not_applicable,Не активность/причинный эффект/прибыль иной группы,scope|bound|period|population,2026-10-07,BB05_Square,BB-S0155
square_gross_profit,gross_profit,Square segment gross profit Q2; not net lending earnings,USD,Дата условия либо отдельное окно отчётности,"Только совпадающие продукт, страна, когорта, дата, знаменатель и граница; not_harmonized",source_reported_definition_not_harmonized,Global Square segment,Source reported; exact,not_applicable,Не активность/причинный эффект/прибыль иной группы,scope|bound|period|population,2026-10-07,BB05_Square,BB-S0156
square_gpv,gpv,Square GPV card/bank payments net refunds; not total Block GPV,USD,Дата условия либо отдельное окно отчётности,"Только совпадающие продукт, страна, когорта, дата, знаменатель и граница; not_harmonized",source_reported_definition_not_harmonized,Global Square segment,Source reported; exact,not_applicable,Не активность/причинный эффект/прибыль иной группы,scope|bound|period|population,2026-10-07,BB05_Square,BB-S0156
square_us_share,us_share,"Rounded US share of Square GPV, not customers",percent,Дата условия либо отдельное окно отчётности,"Только совпадающие продукт, страна, когорта, дата, знаменатель и граница; not_harmonized",source_reported_definition_not_harmonized,US share of global Square GPV,Source reported; exact,Global Square GPV,Не активность/причинный эффект/прибыль иной группы,scope|bound|period|population,2026-10-07,BB05_Square,BB-S0156
square_hfi,hfi,Commercial loans held for investment amortized cost; stock,USD,Дата условия либо отдельное окно отчётности,"Только совпадающие продукт, страна, когорта, дата, знаменатель и граница; not_harmonized",source_reported_definition_not_harmonized,Global commercial primarily Square Loans,Source reported; exact,not_applicable,Не активность/причинный эффект/прибыль иной группы,scope|bound|period|population,2026-10-07,BB05_Square,BB-S0154
square_allowance,allowance,Commercial HFI allowance; stock not period loss,USD,Дата условия либо отдельное окно отчётности,"Только совпадающие продукт, страна, когорта, дата, знаменатель и граница; not_harmonized",source_reported_definition_not_harmonized,Global commercial HFI,Source reported; exact,not_applicable,Не активность/причинный эффект/прибыль иной группы,scope|bound|period|population,2026-10-07,BB05_Square,BB-S0154
square_hfs,hfs,Commercial held-for-sale loan balance; stock,USD,Дата условия либо отдельное окно отчётности,"Только совпадающие продукт, страна, когорта, дата, знаменатель и граница; not_harmonized",source_reported_definition_not_harmonized,Global commercial HFS,Source reported; exact,not_applicable,Не активность/причинный эффект/прибыль иной группы,scope|bound|period|population,2026-10-07,BB05_Square,BB-S0154
square_writeoffs,writeoffs,Q2 commercial gross writeoffs; flow not net loss,USD,Дата условия либо отдельное окно отчётности,"Только совпадающие продукт, страна, когорта, дата, знаменатель и граница; not_harmonized",source_reported_definition_not_harmonized,Global commercial HFI,Source reported; exact,not_applicable,Не активность/причинный эффект/прибыль иной группы,scope|bound|period|population,2026-10-07,BB05_Square,BB-S0154
square_recoveries,recoveries,Q2 commercial recoveries; flow,USD,Дата условия либо отдельное окно отчётности,"Только совпадающие продукт, страна, когорта, дата, знаменатель и граница; not_harmonized",source_reported_definition_not_harmonized,Global commercial HFI,Source reported; exact,not_applicable,Не активность/причинный эффект/прибыль иной группы,scope|bound|period|population,2026-10-07,BB05_Square,BB-S0154
square_sold,sold,Square Loans sold in Q2; rounded disclosed flow,USD,Дата условия либо отдельное окно отчётности,"Только совпадающие продукт, страна, когорта, дата, знаменатель и граница; not_harmonized",source_reported_definition_not_harmonized,Global Square Loans sales,Source reported; exact,not_applicable,Не активность/причинный эффект/прибыль иной группы,scope|bound|period|population,2026-10-07,BB05_Square,BB-S0154
square_gain,gain,Recognized Q2 loan-sale gains; not whole lending profit,USD,Дата условия либо отдельное окно отчётности,"Только совпадающие продукт, страна, когорта, дата, знаменатель и граница; not_harmonized",source_reported_definition_not_harmonized,Global Square Loans sale gains,Source reported; exact,not_applicable,Не активность/причинный эффект/прибыль иной группы,scope|bound|period|population,2026-10-07,BB05_Square,BB-S0154
square_cohort_bound,cohort_bound,Company claim less-than cohort loss rate; denominator/maturity unavailable,percent,Дата условия либо отдельное окно отчётности,"Только совпадающие продукт, страна, когорта, дата, знаменатель и граница; not_harmonized",source_reported_definition_not_harmonized,Source claim; cohort and geography not disaggregated,Source reported; less_than,not_disclosed,Не активность/причинный эффект/прибыль иной группы,scope|bound|period|population,2026-10-07,BB05_Square,BB-S0156
toast_kyb_owner,Порог раскрытия owner; control person отдельно,Порог раскрытия owner; control person отдельно,percent,Условие на дату или окно раскрытия,"Совпадающие scope, продукт, популяция, период и boundary; not_harmonized",source_reported_definition_not_harmonized,US business setup,Source reported; exact,not_applicable,"Не active legal entities, causal uplift, matched vintage CoR или иной profit scope",scope|period|boundary|population|contract_version,2026-10-07,BB05_Toast,BB-S0167
toast_manual_bank_max,"Ожидаемый manual bank review3–5businessdays, upper advertised end","Ожидаемый manual bank review3–5businessdays, upper advertised end",business_days,Условие на дату или окно раскрытия,"Совпадающие scope, продукт, популяция, период и boundary; not_harmonized",source_reported_definition_not_harmonized,Manual bank verification,Source reported; exact,not_applicable,"Не active legal entities, causal uplift, matched vintage CoR или иной profit scope",scope|period|boundary|population|contract_version,2026-10-07,BB05_Toast,BB-S0167
toast_target90,Один допустимый target repayment; не contractual maximum,Один допустимый target repayment; не contractual maximum,days,Условие на дату или окно раскрытия,"Совпадающие scope, продукт, популяция, период и boundary; not_harmonized",source_reported_definition_not_harmonized,Eligibility-selected loan term,Source reported; exact,not_applicable,"Не active legal entities, causal uplift, matched vintage CoR или иной profit scope",scope|period|boundary|population|contract_version,2026-10-07,BB05_Toast,BB-S0162
toast_maturity_extra,"Maximum term после target, days added","Maximum term после target, days added",days,Условие на дату или окно раскрытия,"Совпадающие scope, продукт, популяция, период и boundary; not_harmonized",source_reported_definition_not_harmonized,Capital target-plus-maximum,Source reported; exact,not_applicable,"Не active legal entities, causal uplift, matched vintage CoR или иной profit scope",scope|period|boundary|population|contract_version,2026-10-07,BB05_Toast,BB-S0161
toast_milestone,Интервал cumulative minimum если schedule provided,Интервал cumulative minimum если schedule provided,days,Условие на дату или окно раскрытия,"Совпадающие scope, продукт, популяция, период и boundary; not_harmonized",source_reported_definition_not_harmonized,270/360day loans only with Repayment Milestone Schedule,Source reported; exact,not_applicable,"Не active legal entities, causal uplift, matched vintage CoR или иной profit scope",scope|period|boundary|population|contract_version,2026-10-07,BB05_Toast,BB-S0163
toast_funding_fast,As soon as next business day после agreement,As soon as next business day после agreement,business_days,Условие на дату или окно раскрытия,"Совпадающие scope, продукт, популяция, период и boundary; not_harmonized",source_reported_definition_not_harmonized,Advertised fastest; not SLA,Source reported; exact,not_applicable,"Не active legal entities, causal uplift, matched vintage CoR или иной profit scope",scope|period|boundary|population|contract_version,2026-10-07,BB05_Toast,BB-S0163
toast_welcome_processing,Минимум3processingdays из предшествующих7 для funding,Минимум3processingdays из предшествующих7 для funding,processing_days,Условие на дату или окно раскрытия,"Совпадающие scope, продукт, популяция, период и boundary; not_harmonized",source_reported_definition_not_harmonized,Limited Welcome funding gate,Source reported; exact,not_applicable,"Не active legal entities, causal uplift, matched vintage CoR или иной profit scope",scope|period|boundary|population|contract_version,2026-10-07,BB05_Toast,BB-S0164
toast_welcome_processing_window,Окно для required3processingdays,Окно для required3processingdays,days,Условие на дату или окно раскрытия,"Совпадающие scope, продукт, популяция, период и boundary; not_harmonized",source_reported_definition_not_harmonized,Limited Welcome funding gate,Source reported; exact,not_applicable,"Не active legal entities, causal uplift, matched vintage CoR или иной profit scope",scope|period|boundary|population|contract_version,2026-10-07,BB05_Toast,BB-S0164
toast_welcome_age,Минимальная история деятельности бизнеса,Минимальная история деятельности бизнеса,years,Условие на дату или окно раскрытия,"Совпадающие scope, продукт, популяция, период и boundary; not_harmonized",source_reported_definition_not_harmonized,Registered businesses; listed excluded states also apply,Source reported; exact,not_applicable,"Не active legal entities, causal uplift, matched vintage CoR или иной profit scope",scope|period|boundary|population|contract_version,2026-10-07,BB05_Toast,BB-S0164
toast_welcome_lock,Approval expiry limit от уведомления; earlier-of с processing deadline,Approval expiry limit от уведомления; earlier-of с processing deadline,days,Условие на дату или окно раскрытия,"Совпадающие scope, продукт, популяция, период и boundary; not_harmonized",source_reported_definition_not_harmonized,Limited Welcome; earlier deadline applies,Source reported; exact,not_applicable,"Не active legal entities, causal uplift, matched vintage CoR или иной profit scope",scope|period|boundary|population|contract_version,2026-10-07,BB05_Toast,BB-S0164
toast_welcome_postlive,Approval expiry после processing start; earlier-of с90calendar days,Approval expiry после processing start; earlier-of с90calendar days,days,Условие на дату или окно раскрытия,"Совпадающие scope, продукт, популяция, период и boundary; not_harmonized",source_reported_definition_not_harmonized,Limited Welcome; earlier deadline applies,Source reported; exact,not_applicable,"Не active legal entities, causal uplift, matched vintage CoR или иной profit scope",scope|period|boundary|population|contract_version,2026-10-07,BB05_Toast,BB-S0164
toast_welcome_maxterm,"Maximum Welcome loan term, target90","Maximum Welcome loan term, target90",days,Условие на дату или окно раскрытия,"Совпадающие scope, продукт, популяция, период и boundary; not_harmonized",source_reported_definition_not_harmonized,Limited Welcome contractual duration,Source reported; exact,not_applicable,"Не active legal entities, causal uplift, matched vintage CoR или иной profit scope",scope|period|boundary|population|contract_version,2026-10-07,BB05_Toast,BB-S0164
toast_conditional_lock,"Approval funding-request window, nonrevolving","Approval funding-request window, nonrevolving",days,Условие на дату или окно раскрытия,"Совпадающие scope, продукт, популяция, период и boundary; not_harmonized",source_reported_definition_not_harmonized,Limited Conditional Approval program,Source reported; exact,not_applicable,"Не active legal entities, causal uplift, matched vintage CoR или иной profit scope",scope|period|boundary|population|contract_version,2026-10-07,BB05_Toast,BB-S0165
toast_refinance,More-than percent repaid for possible offer; alternate page>=50 conflict,More-than percent repaid for possible offer; alternate page>=50 conflict,percent,Условие на дату или окно раскрытия,"Совпадающие scope, продукт, популяция, период и boundary; not_harmonized",source_reported_definition_not_harmonized,Existing Toast Loan repayment,Source reported; strictly_greater_than,Original existing loan,"Не active legal entities, causal uplift, matched vintage CoR или иной profit scope",scope|period|boundary|population|contract_version,2026-10-07,BB05_Toast,BB-S0163
toast_bank_apy,Initial variable APY in linked new-account agreement,Initial variable APY in linked new-account agreement,percent_APY,Условие на дату или окно раскрытия,"Совпадающие scope, продукт, популяция, период и boundary; not_harmonized",source_reported_definition_not_harmonized,New accounts at qualifying balance; current Dashboard authoritative,Source reported; exact,not_applicable,"Не active legal entities, causal uplift, matched vintage CoR или иной profit scope",scope|period|boundary|population|contract_version,2026-10-07,BB05_Toast,BB-S0174
toast_bank_apy_threshold,Combined account balance threshold for new-account APY,Combined account balance threshold for new-account APY,currency,Условие на дату или окно раскрытия,"Совпадающие scope, продукт, популяция, период и boundary; not_harmonized",source_reported_definition_not_harmonized,New account terms; not opening minimum,Source reported; exact,not_applicable,"Не active legal entities, causal uplift, matched vintage CoR или иной profit scope",scope|period|boundary|population|contract_version,2026-10-07,BB05_Toast,BB-S0174
toast_bank_apy_old,Initial rate older Cloudfront PDF; not current,Initial rate older Cloudfront PDF; not current,percent_APY,Условие на дату или окно раскрытия,"Совпадающие scope, продукт, популяция, период и boundary; not_harmonized",source_reported_definition_not_harmonized,Historical/superseded new-account destination,Source reported; exact,not_applicable,"Не active legal entities, causal uplift, matched vintage CoR или иной profit scope",scope|period|boundary|population|contract_version,2026-10-07,BB05_Toast,BB-S0175
toast_instant_fee,Комиссия за сумму instant deposit; eligible accounts,Комиссия за сумму instant deposit; eligible accounts,percent,Условие на дату или окно раскрытия,"Совпадающие scope, продукт, популяция, период и boundary; not_harmonized",source_reported_definition_not_harmonized,Eligible closed card-sales instant deposit,Source reported; exact,not_applicable,"Не active legal entities, causal uplift, matched vintage CoR или иной profit scope",scope|period|boundary|population|contract_version,2026-10-07,BB05_Toast,BB-S0170
toast_purchase_cap,Предельный purchased principal по quarterly originated cohort,Предельный purchased principal по quarterly originated cohort,percent,Условие на дату или окно раскрытия,"Совпадающие scope, продукт, популяция, период и boundary; not_harmonized",source_reported_definition_not_harmonized,"Bank-partner problem/ineligible purchases, not observed loss",Source reported; exact,Original principal originated in applicable quarter,"Не active legal entities, causal uplift, matched vintage CoR или иной profit scope",scope|period|boundary|population|contract_version,2026-10-07,BB05_Toast,BB-S0178
toast_contingent,Contingent liability expected credit losses на дату,Contingent liability expected credit losses на дату,currency,Условие на дату или окно раскрытия,"Совпадающие scope, продукт, популяция, период и boundary; not_harmonized",source_reported_definition_not_harmonized,Toast loan-servicing financial guarantee stock,Source reported; exact,not_applicable,"Не active legal entities, causal uplift, matched vintage CoR или иной profit scope",scope|period|boundary|population|contract_version,2026-10-07,BB05_Toast,BB-S0179
toast_loss_expense,Credit loss expense поток за Q2,Credit loss expense поток за Q2,currency,Условие на дату или окно раскрытия,"Совпадающие scope, продукт, популяция, период и boundary; not_harmonized",source_reported_definition_not_harmonized,Toast loan-servicing guarantee expense,Source reported; exact,not_applicable,"Не active legal entities, causal uplift, matched vintage CoR или иной profit scope",scope|period|boundary|population|contract_version,2026-10-07,BB05_Toast,BB-S0179
toast_purchases_reduction,"Reduction due to purchases, not origination or loss rate","Reduction due to purchases, not origination or loss rate",currency,Условие на дату или окно раскрытия,"Совпадающие scope, продукт, популяция, период и boundary; not_harmonized",source_reported_definition_not_harmonized,Toast contingent-liability rollforward,Source reported; exact,not_applicable,"Не active legal entities, causal uplift, matched vintage CoR или иной profit scope",scope|period|boundary|population|contract_version,2026-10-07,BB05_Toast,BB-S0179
toast_restricted,Restricted cash collateral stock по bank partner agreement,Restricted cash collateral stock по bank partner agreement,currency,Условие на дату или окно раскрытия,"Совпадающие scope, продукт, популяция, период и boundary; not_harmonized",source_reported_definition_not_harmonized,Toast Capital servicing collateral,Source reported; exact,not_applicable,"Не active legal entities, causal uplift, matched vintage CoR или иной profit scope",scope|period|boundary|population|contract_version,2026-10-07,BB05_Toast,BB-S0179
toast_hfi,Performing-purchased loans HFI net; separate guarantee category,Performing-purchased loans HFI net; separate guarantee category,currency,Условие на дату или окно раскрытия,"Совпадающие scope, продукт, популяция, период и boundary; not_harmonized",source_reported_definition_not_harmonized,Toast HFI net; no matched total serviced loan balance,Source reported; exact,not_applicable,"Не active legal entities, causal uplift, matched vintage CoR или иной profit scope",scope|period|boundary|population|contract_version,2026-10-07,BB05_Toast,BB-S0179
toast_locations,Approximately live POS locations above undisclosed volume threshold not churned,Approximately live POS locations above undisclosed volume threshold not churned,locations,Условие на дату или окно раскрытия,"Совпадающие scope, продукт, популяция, период и boundary; not_harmonized",source_reported_definition_not_harmonized,Global locations; some nonprocessing enterprise; not unique companies,Source reported; approximate,not_applicable,"Не active legal entities, causal uplift, matched vintage CoR или иной profit scope",scope|period|boundary|population|contract_version,2026-10-07,BB05_Toast,BB-S0179
toast_gpv,Total dollars processed through Toast Processing Locations in Q2,Total dollars processed through Toast Processing Locations in Q2,currency,Условие на дату или окно раскрытия,"Совпадающие scope, продукт, популяция, период и boundary; not_harmonized",source_reported_definition_not_harmonized,Global Toast payments GPV,Source reported; exact,not_applicable,"Не active legal entities, causal uplift, matched vintage CoR или иной profit scope",scope|period|boundary|population|contract_version,2026-10-07,BB05_Toast,BB-S0179
toast_arr,Operational ARR subscription12×MRR +4×trailing3month adjusted payments; Capital excluded,Operational ARR subscription12×MRR +4×trailing3month adjusted payments; Capital excluded,currency,Условие на дату или окно раскрытия,"Совпадающие scope, продукт, популяция, период и boundary; not_harmonized",source_reported_definition_not_harmonized,"Global company operational run-rate, not revenue/profit",Source reported; exact,not_applicable,"Не active legal entities, causal uplift, matched vintage CoR или иной profit scope",scope|period|boundary|population|contract_version,2026-10-07,BB05_Toast,BB-S0179
toast_net_income,Consolidated GAAP net income Q2,Consolidated GAAP net income Q2,currency,Условие на дату или окно раскрытия,"Совпадающие scope, продукт, популяция, период и boundary; not_harmonized",source_reported_definition_not_harmonized,"Global company, not lending cohort",Source reported; exact,not_applicable,"Не active legal entities, causal uplift, matched vintage CoR или иной profit scope",scope|period|boundary|population|contract_version,2026-10-07,BB05_Toast,BB-S0180
toast_adj_ebitda,"Company adjusted EBITDA, nonGAAP","Company adjusted EBITDA, nonGAAP",currency,Условие на дату или окно раскрытия,"Совпадающие scope, продукт, популяция, период и boundary; not_harmonized",source_reported_definition_not_harmonized,Global group; includes one-time tariff refund,Source reported; exact,not_applicable,"Не active legal entities, causal uplift, matched vintage CoR или иной profit scope",scope|period|boundary|population|contract_version,2026-10-07,BB05_Toast,BB-S0180
toast_tariff,Approximate one-time benefit included in adjusted EBITDA,Approximate one-time benefit included in adjusted EBITDA,currency,Условие на дату или окно раскрытия,"Совпадающие scope, продукт, популяция, период и boundary; not_harmonized",source_reported_definition_not_harmonized,Global group,Source reported; approximate,not_applicable,"Не active legal entities, causal uplift, matched vintage CoR или иной profit scope",scope|period|boundary|population|contract_version,2026-10-07,BB05_Toast,BB-S0180
toast_grow_price,Launch bundle monthly list price; current individual quote unknown,Launch bundle monthly list price; current individual quote unknown,currency_per_month,Условие на дату или окно раскрытия,"Совпадающие scope, продукт, популяция, период и boundary; not_harmonized",source_reported_definition_not_harmonized,May5 launch US bundle; not full marketing budget,Source reported; exact,not_applicable,"Не active legal entities, causal uplift, matched vintage CoR или иной profit scope",scope|period|boundary|population|contract_version,2026-10-07,BB05_Toast,BB-S0184
toast_overtime,Company claim fewer overtime hours per employee comparing earlier Scheduling Pro users/nonusers,Company claim fewer overtime hours per employee comparing earlier Scheduling Pro users/nonusers,percent,Условие на дату или окно раскрытия,"Совпадающие scope, продукт, популяция, период и boundary; not_harmonized",source_reported_definition_not_harmonized,Internal/customer July2025–July2026 comparison; not October6 Team bundle,Source reported; reported_relative_difference,Nonusers overtime hours per employee,"Не active legal entities, causal uplift, matched vintage CoR или иной profit scope",scope|period|boundary|population|contract_version,2026-10-07,BB05_Toast,BB-S0181
toast_grow_lift,Company controlled beta study average GMV lift; design not independently verified,Company controlled beta study average GMV lift; design not independently verified,percent,Условие на дату или окно раскрытия,"Совпадающие scope, продукт, популяция, период и boundary; not_harmonized",source_reported_definition_not_harmonized,Q3–Q4 2025 beta144restaurants; not launched Grow effect,Source reported; reported,"Similar restaurant comparator, detailed matching unknown","Не active legal entities, causal uplift, matched vintage CoR или иной profit scope",scope|period|boundary|population|contract_version,2026-10-07,BB05_Toast,BB-S0184
toast_grow_n,Company disclosed size of controlled beta study,Company disclosed size of controlled beta study,restaurants,Условие на дату или окно раскрытия,"Совпадающие scope, продукт, популяция, период и boundary; not_harmonized",source_reported_definition_not_harmonized,Q3–Q4 2025 beta study population,Source reported; exact,not_applicable,"Не active legal entities, causal uplift, matched vintage CoR или иной profit scope",scope|period|boundary|population|contract_version,2026-10-07,BB05_Toast,BB-S0184
iwoca_DE_min_age,min_age,"Minimum operational age, generally",months,Source-specific,"Same geography, scope and denominator; advertised interval not observed SLA; monthly rate not APR",source_reported,DE applicant lower eligibility bound,,not_applicable,No inference to active unique RKO clients or DE profit from group results,,2026-10-07,iwoca source-specific observation,BB-S0197
iwoca_DE_turnover,turnover,Annual sales must exceed value,currency,Source-specific,"Same geography, scope and denominator; advertised interval not observed SLA; monthly rate not APR",source_reported,DE application threshold strict>,,annual business revenue,No inference to active unique RKO clients or DE profit from group results,,2026-10-07,iwoca source-specific observation,BB-S0197
iwoca_DE_term_years,term_years,Maximum offered tenor; >24months requires business age at least requested term,years,Source-specific,"Same geography, scope and denominator; advertised interval not observed SLA; monthly rate not APR",source_reported,DE Flexi-Kredit offer ceiling,,not_applicable,No inference to active unique RKO clients or DE profit from group results,,2026-10-07,iwoca source-specific observation,BB-S0197
iwoca_DE_long_threshold,long_threshold,Above threshold business age must cover requested term,months,Source-specific,"Same geography, scope and denominator; advertised interval not observed SLA; monthly rate not APR",source_reported,DE longer Flexi-Kredit eligibility,,not_applicable,No inference to active unique RKO clients or DE profit from group results,,2026-10-07,iwoca source-specific observation,BB-S0196
iwoca_DE_rate_min,rate_min,"Minimum monthly interest, daily accrual on outstanding principal",percent_per_month,Source-specific,"Same geography, scope and denominator; advertised interval not observed SLA; monthly rate not APR",source_reported,DE risk-priced Flexi-Kredit,,outstanding principal,No inference to active unique RKO clients or DE profit from group results,,2026-10-07,iwoca source-specific observation,BB-S0197
iwoca_DE_rate_max,rate_max,Maximum listed monthly interest,percent_per_month,Source-specific,"Same geography, scope and denominator; advertised interval not observed SLA; monthly rate not APR",source_reported,DE risk-priced Flexi-Kredit,,outstanding principal,No inference to active unique RKO clients or DE profit from group results,,2026-10-07,iwoca source-specific observation,BB-S0197
iwoca_DE_line_period,line_period,Draw/interest-only period after activation,months,Source-specific,"Same geography, scope and denominator; advertised interval not observed SLA; monthly rate not APR",source_reported,"DE revolving availability window, possible extension",,not_applicable,No inference to active unique RKO clients or DE profit from group results,,2026-10-07,iwoca source-specific observation,BB-S0200
iwoca_DE_line_rate,line_rate,Interest floor on utilized principal,percent_per_month,Source-specific,"Same geography, scope and denominator; advertised interval not observed SLA; monthly rate not APR",source_reported,DE line interest excludes commitment fee,,utilized principal,No inference to active unique RKO clients or DE profit from group results,,2026-10-07,iwoca source-specific observation,BB-S0200
iwoca_DE_line_rate_max,line_rate_max,Listed ceiling on utilized line interest,percent_per_month,Source-specific,"Same geography, scope and denominator; advertised interval not observed SLA; monthly rate not APR",source_reported,DE line current product FAQ,,utilized principal,No inference to active unique RKO clients or DE profit from group results,,2026-10-07,iwoca source-specific observation,BB-S0198
iwoca_DE_fee_pct,fee_pct,One-time fee percentage cap assessed on entire approved limit,percent,Source-specific,"Same geography, scope and denominator; advertised interval not observed SLA; monthly rate not APR",source_reported,DE fee due first interest payment,,entire approved line,No inference to active unique RKO clients or DE profit from group results,,2026-10-07,iwoca source-specific observation,BB-S0200
iwoca_DE_fee_eur,fee_eur,Absolute one-time commitment fee cap,currency,Source-specific,"Same geography, scope and denominator; advertised interval not observed SLA; monthly rate not APR",source_reported,"DE line fee cap, not monthly subscription",,not_applicable,No inference to active unique RKO clients or DE profit from group results,,2026-10-07,iwoca source-specific observation,BB-S0200
iwoca_DE_draw_min,draw_min,Minimum initial/repeated draw,currency,Source-specific,"Same geography, scope and denominator; advertised interval not observed SLA; monthly rate not APR",source_reported,DE activation and subsequent draws,,not_applicable,No inference to active unique RKO clients or DE profit from group results,,2026-10-07,iwoca source-specific observation,BB-S0200
iwoca_DE_accept_days,accept_days,First draw before offer expires,days,Source-specific,"Same geography, scope and denominator; advertised interval not observed SLA; monthly rate not APR",source_reported,DE line activation offer window,,not_applicable,No inference to active unique RKO clients or DE profit from group results,,2026-10-07,iwoca source-specific observation,BB-S0200
iwoca_DE_amortization,amortization,Automatic term-loan repayment period after nonrenewed line,months,Source-specific,"Same geography, scope and denominator; advertised interval not observed SLA; monthly rate not APR",source_reported,DE remaining principal after draw period ends,,not_applicable,No inference to active unique RKO clients or DE profit from group results,,2026-10-07,iwoca source-specific observation,BB-S0201
iwoca_DE_bank_history,bank_history,Requested account transaction lookback in ordinary documented path,days,Source-specific,"Same geography, scope and denominator; advertised interval not observed SLA; monthly rate not APR",source_reported,DE application; subset document-free exceptions,,not_applicable,No inference to active unique RKO clients or DE profit from group results,,2026-10-07,iwoca source-specific observation,BB-S0196
iwoca_DE_documents_threshold,documents_threshold,Above value BWA/SuSa documents requested in standard path,currency,Source-specific,"Same geography, scope and denominator; advertised interval not observed SLA; monthly rate not APR",source_reported,DE requested loan amount threshold,,requested amount,No inference to active unique RKO clients or DE profit from group results,,2026-10-07,iwoca source-specific observation,BB-S0196
iwoca_DE_current_bwa,current_bwa,Maximum age of current BWA/SuSa,months,Source-specific,"Same geography, scope and denominator; advertised interval not observed SLA; monthly rate not APR",source_reported,DE larger request documents,,not_applicable,No inference to active unique RKO clients or DE profit from group results,,2026-10-07,iwoca source-specific observation,BB-S0196
iwoca_DE_past_bwa,past_bwa,Past fiscal years BWA/SuSa requested,years,Source-specific,"Same geography, scope and denominator; advertised interval not observed SLA; monthly rate not APR",source_reported,DE larger request documents,,not_applicable,No inference to active unique RKO clients or DE profit from group results,,2026-10-07,iwoca source-specific observation,BB-S0196
iwoca_DE_facility,facility,Announced refinancing facility capacity,currency,Source-specific,"Same geography, scope and denominator; advertised interval not observed SLA; monthly rate not APR",source_reported,"DE funding limit, not amount drawn",,not_applicable,No inference to active unique RKO clients or DE profit from group results,,2026-10-07,iwoca source-specific observation,BB-S0210
iwoca_DE_managed_book,managed_book,Managed loan book greater than value,currency,Source-specific,"Same geography, scope and denominator; advertised interval not observed SLA; monthly rate not APR",source_reported,DE source-described book; gross/net and exact date not specified,,not_applicable,No inference to active unique RKO clients or DE profit from group results,,2026-10-07,iwoca source-specific observation,BB-S0210
iwoca_DE_early_flow,early_flow,Almost value disbursed to new and repeat clients,currency,Source-specific,"Same geography, scope and denominator; advertised interval not observed SLA; monthly rate not APR",source_reported,"DE JanFeb2026 flow, not stock",,new+existing borrowers,No inference to active unique RKO clients or DE profit from group results,,2026-10-07,iwoca source-specific observation,BB-S0210
iwoca_DE_supported,supported,Almost businesses supported; active/unique period not defined,businesses,Source-specific,"Same geography, scope and denominator; advertised interval not observed SLA; monthly rate not APR",source_reported,"DE April source-reported, not_harmonized",,source_reported_businesses,No inference to active unique RKO clients or DE profit from group results,,2026-10-07,iwoca source-specific observation,BB-S0210
iwoca_DE_api_partners,api_partners,More than API embedded partnerships across both markets,partners,Source-specific,"Same geography, scope and denominator; advertised interval not observed SLA; monthly rate not APR",source_reported,"UK+DE total, not DE five launches",,API integrations,No inference to active unique RKO clients or DE profit from group results,,2026-10-07,iwoca source-specific observation,BB-S0206
iwoca_DE_revenue,revenue,Consolidated interest and other revenue annual flow,currency,Source-specific,"Same geography, scope and denominator; advertised interval not observed SLA; monthly rate not APR",source_reported,"iwoca Ltd consolidated UK+DE, note4",,not_applicable,No inference to active unique RKO clients or DE profit from group results,,2026-10-07,iwoca source-specific observation,BB-S0214
iwoca_DE_impairment,impairment,Cost of sales representing annual impairment charge,currency,Source-specific,"Same geography, scope and denominator; advertised interval not observed SLA; monthly rate not APR",source_reported,UK+DE annual flow not writeoffs or DE loss rate,,not_applicable,No inference to active unique RKO clients or DE profit from group results,,2026-10-07,iwoca source-specific observation,BB-S0214
iwoca_DE_interest_expense,interest_expense,Interest payable and similar expenses,currency,Source-specific,"Same geography, scope and denominator; advertised interval not observed SLA; monthly rate not APR",source_reported,Consolidated group annual flow; not pure DE FTP,,not_applicable,No inference to active unique RKO clients or DE profit from group results,,2026-10-07,iwoca source-specific observation,BB-S0214
iwoca_DE_admin,admin,Administrative expenses,currency,Source-specific,"Same geography, scope and denominator; advertised interval not observed SLA; monthly rate not APR",source_reported,Group annual flow; not CAC,,not_applicable,No inference to active unique RKO clients or DE profit from group results,,2026-10-07,iwoca source-specific observation,BB-S0214
iwoca_DE_pretax,pretax,Profit before taxation,currency,Source-specific,"Same geography, scope and denominator; advertised interval not observed SLA; monthly rate not APR",source_reported,Consolidated annual accounting PBT,,not_applicable,No inference to active unique RKO clients or DE profit from group results,,2026-10-07,iwoca source-specific observation,BB-S0214
iwoca_DE_net,net,Profit for financial year after tax,currency,Source-specific,"Same geography, scope and denominator; advertised interval not observed SLA; monthly rate not APR",source_reported,Consolidated annual profit excluding FX OCI,,not_applicable,No inference to active unique RKO clients or DE profit from group results,,2026-10-07,iwoca source-specific observation,BB-S0214
iwoca_DE_gross_before_eir,gross_before_eir,"Total loan carrying value before impairment and EIR adjustments, note18",currency,Source-specific,"Same geography, scope and denominator; advertised interval not observed SLA; monthly rate not APR",source_reported,"Consolidated UK+DE stock, not managed DE book",,not_applicable,No inference to active unique RKO clients or DE profit from group results,,2026-10-07,iwoca source-specific observation,BB-S0214
iwoca_DE_impaired_gross,impaired_gross,Individually impaired gross carrying value before impairment and EIR,currency,Source-specific,"Same geography, scope and denominator; advertised interval not observed SLA; monthly rate not APR",source_reported,"Consolidated UK+DE stock, not standardized NPL",,not_applicable,No inference to active unique RKO clients or DE profit from group results,,2026-10-07,iwoca source-specific observation,BB-S0214
iwoca_DE_allowance_stock,allowance_stock,Impairment deduction/allowance stock in note18 gross-to-net reconciliation,currency,Source-specific,"Same geography, scope and denominator; advertised interval not observed SLA; monthly rate not APR",source_reported,"Consolidated UK+DE stock, not annual charge/writeoff",,not_applicable,No inference to active unique RKO clients or DE profit from group results,,2026-10-07,iwoca source-specific observation,BB-S0214
YouLend_UK_max,max,Advertised UK maximum assessed amount,currency,Source-specific,Same product/partner/population/legal scope/currency;marketing bound not average;fixed fee not APR,source_reported,UK catalogue upper bound,,not_applicable,No inference to active unique RKO or cohort net profit,,2026-10-07,YouLend/counterparty source-specific,BB-S0220
YouLend_UK_qb_min,qb_min,QuickBooks UK minimum advertised funding,currency,Source-specific,Same product/partner/population/legal scope/currency;marketing bound not average;fixed fee not APR,source_reported,Partner range,,not_applicable,No inference to active unique RKO or cohort net profit,,2026-10-07,YouLend/counterparty source-specific,BB-S0242
YouLend_UK_qb_max,qb_max,QuickBooks UK maximum advertised funding,currency,Source-specific,Same product/partner/population/legal scope/currency;marketing bound not average;fixed fee not APR,source_reported,Partner range,,not_applicable,No inference to active unique RKO or cohort net profit,,2026-10-07,YouLend/counterparty source-specific,BB-S0242
YouLend_UK_history,history,Minimum bank history normal API application,months,Source-specific,Same product/partner/population/legal scope/currency;marketing bound not average;fixed fee not APR,source_reported,Not minimum business age,,not_applicable,No inference to active unique RKO or cohort net profit,,2026-10-07,YouLend/counterparty source-specific,BB-S0231
YouLend_UK_accounts_threshold,accounts_threshold,Above requested amount management accounts normally required,currency,Source-specific,Same product/partner/population/legal scope/currency;marketing bound not average;fixed fee not APR,source_reported,UK API larger applications,,requested amount,No inference to active unique RKO or cohort net profit,,2026-10-07,YouLend/counterparty source-specific,BB-S0231
YouLend_UK_fixed_months,fixed_months,Maximum documented fixed DD tenor,months,Source-specific,Same product/partner/population/legal scope/currency;marketing bound not average;fixed fee not APR,source_reported,UK-supported DD solution;partner-specific,,not_applicable,No inference to active unique RKO or cohort net profit,,2026-10-07,YouLend/counterparty source-specific,BB-S0227
YouLend_UK_anna_revenue,anna_revenue,Maximum advance equivalent revenue months;not actual term,months_of_revenue,Source-specific,Same product/partner/population/legal scope/currency;marketing bound not average;fixed fee not APR,source_reported,EligibleANNAUK applicants,,business revenue,No inference to active unique RKO or cohort net profit,,2026-10-07,YouLend/counterparty source-specific,BB-S0239
YouLend_UK_anna_clients,anna_clients,ANNA customers already independently funded before integration,businesses,Source-specific,Same product/partner/population/legal scope/currency;marketing bound not average;fixed fee not APR,source_reported,Overlap before rollout;not new embedded conversion,,not_applicable,No inference to active unique RKO or cohort net profit,,2026-10-07,YouLend/counterparty source-specific,BB-S0239
YouLend_UK_anna_volume,anna_volume,Reported total prior funding to overlap customers;time window absent,currency,Source-specific,Same product/partner/population/legal scope/currency;marketing bound not average;fixed fee not APR,source_reported,"Cumulative pre-integration total,repeat unknown",,not_applicable,No inference to active unique RKO or cohort net profit,,2026-10-07,YouLend/counterparty source-specific,BB-S0239
YouLend_UK_anna_approval,anna_approval,YouLend claim in ANNA text:all applications vs prequalified customers,percent,Source-specific,Same product/partner/population/legal scope/currency;marketing bound not average;fixed fee not APR,source_reported,Denominator conflict;not independently measured,,applications OR prequalified customers,No inference to active unique RKO or cohort net profit,,2026-10-07,YouLend/counterparty source-specific,BB-S0239
YouLend_UK_dojo_volume,dojo_volume,"Cumulative funding over6years,notbook",currency,Source-specific,Same product/partner/population/legal scope/currency;marketing bound not average;fixed fee not APR,source_reported,UKDojo merchants new+repeat,,not_applicable,No inference to active unique RKO or cohort net profit,,2026-10-07,YouLend/counterparty source-specific,BB-S0238
YouLend_UK_dojo_businesses,dojo_businesses,Merchants supported cumulatively;active definition absent,merchants,Source-specific,Same product/partner/population/legal scope/currency;marketing bound not average;fixed fee not APR,source_reported,UKDojo partnership,,not_applicable,No inference to active unique RKO or cohort net profit,,2026-10-07,YouLend/counterparty source-specific,BB-S0238
YouLend_UK_dojo_repeat,dojo_repeat,Company quoted renewal frequency without period/denominator,percent,Source-specific,Same product/partner/population/legal scope/currency;marketing bound not average;fixed fee not APR,source_reported,Dojo funded merchants;cohortundefined,,unknown eligible/approved/funded base,No inference to active unique RKO or cohort net profit,,2026-10-07,YouLend/counterparty source-specific,BB-S0238
YouLend_UK_dojo_churn,dojo_churn,Upper claimed reduction in churn;control/comparison unknown,percent,Source-specific,Same product/partner/population/legal scope/currency;marketing bound not average;fixed fee not APR,source_reported,Company quotation;not causal result,,baseline churn undisclosed,No inference to active unique RKO or cohort net profit,,2026-10-07,YouLend/counterparty source-specific,BB-S0238
YouLend_UK_catalogue_repeat,catalogue_repeat,Site repeat/second-round percentage without timeframe,percent,Source-specific,Same product/partner/population/legal scope/currency;marketing bound not average;fixed fee not APR,source_reported,Global or UK-unspecified catalogue,,approved/funded eligible base unclear,No inference to active unique RKO or cohort net profit,,2026-10-07,YouLend/counterparty source-specific,BB-S0224
YouLend_UK_borrower_sweep,borrower_sweep,Daily processed sales share for one borrower,percent,Source-specific,Same product/partner/population/legal scope/currency;marketing bound not average;fixed fee not APR,source_reported,MIPStores1975/Dojo;not typical tariff,,processed sales,No inference to active unique RKO or cohort net profit,,2026-10-07,YouLend/counterparty source-specific,BB-S0247
YouLend_UK_revenue,revenue,Consolidated total annual revenue,currency,Source-specific,Same product/partner/population/legal scope/currency;marketing bound not average;fixed fee not APR,source_reported,YouLendLtd European consolidated group,,not_applicable,No inference to active unique RKO or cohort net profit,,2026-10-07,YouLend/counterparty source-specific,BB-S0245
YouLend_UK_receivables_income,receivables_income,IFRS9 effective-interest receivables income,currency,Source-specific,Same product/partner/population/legal scope/currency;marketing bound not average;fixed fee not APR,source_reported,YouLendLtd European consolidated group,,not_applicable,No inference to active unique RKO or cohort net profit,,2026-10-07,YouLend/counterparty source-specific,BB-S0245
YouLend_UK_platform_fees,platform_fees,IFRS15 platform service revenue,currency,Source-specific,Same product/partner/population/legal scope/currency;marketing bound not average;fixed fee not APR,source_reported,YouLendLtd European consolidated group,,not_applicable,No inference to active unique RKO or cohort net profit,,2026-10-07,YouLend/counterparty source-specific,BB-S0245
YouLend_UK_commission_expense,commission_expense,Fee and commission expenses presented in cost of sales,currency,Source-specific,Same product/partner/population/legal scope/currency;marketing bound not average;fixed fee not APR,source_reported,YouLendLtd European consolidated group,,not_applicable,No inference to active unique RKO or cohort net profit,,2026-10-07,YouLend/counterparty source-specific,BB-S0245
YouLend_UK_interest_payable,interest_payable,Annual interest payable expense,currency,Source-specific,Same product/partner/population/legal scope/currency;marketing bound not average;fixed fee not APR,source_reported,YouLendLtd European consolidated group,,not_applicable,No inference to active unique RKO or cohort net profit,,2026-10-07,YouLend/counterparty source-specific,BB-S0245
YouLend_UK_ecl_expense,ecl_expense,Annual expected-credit-loss expense within administrative expenses,currency,Source-specific,Same product/partner/population/legal scope/currency;marketing bound not average;fixed fee not APR,source_reported,YouLendLtd European consolidated group,,not_applicable,No inference to active unique RKO or cohort net profit,,2026-10-07,YouLend/counterparty source-specific,BB-S0245
YouLend_UK_pre_tax,pre_tax,Profit before tax,currency,Source-specific,Same product/partner/population/legal scope/currency;marketing bound not average;fixed fee not APR,source_reported,YouLendLtd European consolidated group,,not_applicable,No inference to active unique RKO or cohort net profit,,2026-10-07,YouLend/counterparty source-specific,BB-S0245
YouLend_UK_net_profit,net_profit,Profit after tax;tax credit included,currency,Source-specific,Same product/partner/population/legal scope/currency;marketing bound not average;fixed fee not APR,source_reported,YouLendLtd European consolidated group,,not_applicable,No inference to active unique RKO or cohort net profit,,2026-10-07,YouLend/counterparty source-specific,BB-S0245
YouLend_UK_uk_net,uk_net,UK net carrying value loan receivables after ECL,currency,Source-specific,Same product/partner/population/legal scope/currency;marketing bound not average;fixed fee not APR,source_reported,Consolidated group notes source-specific;scope not moved,,not_applicable,No inference to active unique RKO or cohort net profit,,2026-10-07,YouLend/counterparty source-specific,BB-S0245
YouLend_UK_eu_net,eu_net,EU net carrying value loan receivables after ECL,currency,Source-specific,Same product/partner/population/legal scope/currency;marketing bound not average;fixed fee not APR,source_reported,Consolidated group notes source-specific;scope not moved,,not_applicable,No inference to active unique RKO or cohort net profit,,2026-10-07,YouLend/counterparty source-specific,BB-S0245
YouLend_UK_total_net,total_net,Consolidated net receivables value note18 geographical table,currency,Source-specific,Same product/partner/population/legal scope/currency;marketing bound not average;fixed fee not APR,source_reported,Consolidated group notes source-specific;scope not moved,,not_applicable,No inference to active unique RKO or cohort net profit,,2026-10-07,YouLend/counterparty source-specific,BB-S0245
YouLend_UK_uk_stage3_net,uk_stage3_net,"UK stage3net,notgrossNPL",currency,Source-specific,Same product/partner/population/legal scope/currency;marketing bound not average;fixed fee not APR,source_reported,Consolidated group notes source-specific;scope not moved,,not_applicable,No inference to active unique RKO or cohort net profit,,2026-10-07,YouLend/counterparty source-specific,BB-S0245
YouLend_UK_ecl_exposure,ecl_exposure,Allowance stock printed38 exposure table,currency,Source-specific,Same product/partner/population/legal scope/currency;marketing bound not average;fixed fee not APR,source_reported,Consolidated group notes source-specific;scope not moved,,not_applicable,No inference to active unique RKO or cohort net profit,,2026-10-07,YouLend/counterparty source-specific,BB-S0245
YouLend_UK_ecl_movement,ecl_movement,Closing allowance stock printed42 movement table;unreconciled,currency,Source-specific,Same product/partner/population/legal scope/currency;marketing bound not average;fixed fee not APR,source_reported,Consolidated group notes source-specific;scope not moved,,not_applicable,No inference to active unique RKO or cohort net profit,,2026-10-07,YouLend/counterparty source-specific,BB-S0245
YouLend_UK_gross,gross,Gross carrying amount before ECL both tables,currency,Source-specific,Same product/partner/population/legal scope/currency;marketing bound not average;fixed fee not APR,source_reported,Consolidated group notes source-specific;scope not moved,,not_applicable,No inference to active unique RKO or cohort net profit,,2026-10-07,YouLend/counterparty source-specific,BB-S0245
YouLend_UK_dojo_many_renewals,dojo_many_renewals,Merchants with at least ten renewals; reported lower bound,merchants,Source-specific,Same product/partner/population/legal scope/currency;marketing bound not average;fixed fee not APR,source_reported,Cumulative UK Dojo partnership,,merchants with >=10 renewals,No inference to active unique RKO or cohort net profit,,2026-10-07,YouLend/counterparty source-specific,BB-S0238
YouLend_UK_dojo_renewals_threshold,dojo_renewals_threshold,Renewal count threshold for reported frequent-use subgroup,renewals,Source-specific,Same product/partner/population/legal scope/currency;marketing bound not average;fixed fee not APR,source_reported,"UK Dojo subgroup, not average renewal frequency",,not_applicable,No inference to active unique RKO or cohort net profit,,2026-10-07,YouLend/counterparty source-specific,BB-S0238
YouLend_UK_global_funded,global_funded,Businesses funded worldwide to date; unique/active definition not provided,businesses,Source-specific,Same product/partner/population/legal scope/currency;marketing bound not average;fixed fee not APR,source_reported,"Global cumulative company claim, not UK active customers",,not_applicable,No inference to active unique RKO or cohort net profit,,2026-10-07,YouLend/counterparty source-specific,BB-S0243
Stone_BR_gross,gross,Gross book note5.4;before ECL and hedge,million_currency,Specific quarter/as-of/current catalogue,"Exact group/product/contract scope; gross/net,stock/flow,monthly/annualised,contract/display distinguished",source_reported,StoneCo consolidated stock,,not_applicable,"No implication of active RKO, typical price or cohort profit",,2026-10-07,Stone/BNDES primary source,BB-S0257
Stone_BR_net,net,Net book note5.4 after ECL and hedge,million_currency,Specific quarter/as-of/current catalogue,"Exact group/product/contract scope; gross/net,stock/flow,monthly/annualised,contract/display distinguished",source_reported,StoneCo consolidated stock,,not_applicable,"No implication of active RKO, typical price or cohort profit",,2026-10-07,Stone/BNDES primary source,BB-S0257
Stone_BR_ecl_stock,ecl_stock,ECL allowance stock,million_currency,Specific quarter/as-of/current catalogue,"Exact group/product/contract scope; gross/net,stock/flow,monthly/annualised,contract/display distinguished",source_reported,StoneCo consolidated stock,,not_applicable,"No implication of active RKO, typical price or cohort profit",,2026-10-07,Stone/BNDES primary source,BB-S0257
Stone_BR_hedge,hedge,Portfolio fair value hedge negative adjustment,million_currency,Specific quarter/as-of/current catalogue,"Exact group/product/contract scope; gross/net,stock/flow,monthly/annualised,contract/display distinguished",source_reported,StoneCo consolidated stock,,not_applicable,"No implication of active RKO, typical price or cohort profit",,2026-10-07,Stone/BNDES primary source,BB-S0257
Stone_BR_payment_accounts,payment_accounts,Payment account balances;not all retail deposits,million_currency,Specific quarter/as-of/current catalogue,"Exact group/product/contract scope; gross/net,stock/flow,monthly/annualised,contract/display distinguished",source_reported,StoneCo consolidated stock,,not_applicable,"No implication of active RKO, typical price or cohort profit",,2026-10-07,Stone/BNDES primary source,BB-S0257
Stone_BR_register_accounts,register_accounts,Accounts of record including subacquirer in-transit,million_currency,Specific quarter/as-of/current catalogue,"Exact group/product/contract scope; gross/net,stock/flow,monthly/annualised,contract/display distinguished",source_reported,StoneCo consolidated stock,,not_applicable,"No implication of active RKO, typical price or cohort profit",,2026-10-07,Stone/BNDES primary source,BB-S0257
Stone_BR_client_balances,client_balances,Client balances payment+record,million_currency,Specific quarter/as-of/current catalogue,"Exact group/product/contract scope; gross/net,stock/flow,monthly/annualised,contract/display distinguished",source_reported,StoneCo consolidated stock,,not_applicable,"No implication of active RKO, typical price or cohort profit",,2026-10-07,Stone/BNDES primary source,BB-S0257
Stone_BR_time_deposits,time_deposits,Retail time deposits Stone SCFI,million_currency,Specific quarter/as-of/current catalogue,"Exact group/product/contract scope; gross/net,stock/flow,monthly/annualised,contract/display distinguished",source_reported,StoneCo consolidated stock,,not_applicable,"No implication of active RKO, typical price or cohort profit",,2026-10-07,Stone/BNDES primary source,BB-S0257
Stone_BR_retail_total,retail_total,Retail deposits payment+record+time,million_currency,Specific quarter/as-of/current catalogue,"Exact group/product/contract scope; gross/net,stock/flow,monthly/annualised,contract/display distinguished",source_reported,StoneCo consolidated stock,,not_applicable,"No implication of active RKO, typical price or cohort profit",,2026-10-07,Stone/BNDES primary source,BB-S0257
Stone_BR_merchant,merchant,Gross working-capital+revolving merchant book,million_currency,Specific quarter/as-of/current catalogue,"Exact group/product/contract scope; gross/net,stock/flow,monthly/annualised,contract/display distinguished",source_reported,StoneCo consolidated stock,,not_applicable,"No implication of active RKO, typical price or cohort profit",,2026-10-07,Stone/BNDES primary source,BB-S0256
Stone_BR_cards,cards,Gross card book,million_currency,Specific quarter/as-of/current catalogue,"Exact group/product/contract scope; gross/net,stock/flow,monthly/annualised,contract/display distinguished",source_reported,StoneCo consolidated stock,,not_applicable,"No implication of active RKO, typical price or cohort profit",,2026-10-07,Stone/BNDES primary source,BB-S0256
Stone_BR_guaranteed,guaranteed,Government-backed subset of total book;not additive,million_currency,Specific quarter/as-of/current catalogue,"Exact group/product/contract scope; gross/net,stock/flow,monthly/annualised,contract/display distinguished",source_reported,StoneCo consolidated stock,,not_applicable,"No implication of active RKO, typical price or cohort profit",,2026-10-07,Stone/BNDES primary source,BB-S0256
Stone_BR_credit_revenue,credit_revenue,Quarter credit revenue including card interchange;prior restated,million_currency,Specific quarter/as-of/current catalogue,"Exact group/product/contract scope; gross/net,stock/flow,monthly/annualised,contract/display distinguished",source_reported,StoneCo consolidated flow,,not_applicable,"No implication of active RKO, typical price or cohort profit",,2026-10-07,Stone/BNDES primary source,BB-S0256
Stone_BR_ecl_q2,ecl_q2,Quarter expected loss charge;not reserve stock or writeoffs,million_currency,Specific quarter/as-of/current catalogue,"Exact group/product/contract scope; gross/net,stock/flow,monthly/annualised,contract/display distinguished",source_reported,StoneCo consolidated flow,,not_applicable,"No implication of active RKO, typical price or cohort profit",,2026-10-07,Stone/BNDES primary source,BB-S0256
Stone_BR_netprofit_adjusted,netprofit_adjusted,Adjusted continuing group net income;not credit net P&L,million_currency,Specific quarter/as-of/current catalogue,"Exact group/product/contract scope; gross/net,stock/flow,monthly/annualised,contract/display distinguished",source_reported,StoneCo consolidated flow,,not_applicable,"No implication of active RKO, typical price or cohort profit",,2026-10-07,Stone/BNDES primary source,BB-S0256
Stone_BR_npl90_q2,npl90_q2,Full outstanding contracts with >90days overdue,percent,Specific quarter/as-of/current catalogue,"Exact group/product/contract scope; gross/net,stock/flow,monthly/annualised,contract/display distinguished",source_reported,StoneCo consolidated credit,,gross credit portfolio,"No implication of active RKO, typical price or cohort profit",,2026-10-07,Stone/BNDES primary source,BB-S0256
Stone_BR_npl90_q1,npl90_q1,Full outstanding contracts with >90days overdue,percent,Specific quarter/as-of/current catalogue,"Exact group/product/contract scope; gross/net,stock/flow,monthly/annualised,contract/display distinguished",source_reported,StoneCo consolidated credit,,gross credit portfolio,"No implication of active RKO, typical price or cohort profit",,2026-10-07,Stone/BNDES primary source,BB-S0256
Stone_BR_npl15_q2,npl15_q2,Full outstanding contracts with15–90days overdue,percent,Specific quarter/as-of/current catalogue,"Exact group/product/contract scope; gross/net,stock/flow,monthly/annualised,contract/display distinguished",source_reported,StoneCo consolidated credit,,gross credit portfolio,"No implication of active RKO, typical price or cohort profit",,2026-10-07,Stone/BNDES primary source,BB-S0256
Stone_BR_cor_q2,cor_q2,Annualised quarterly ECL /average current+previousquarter book,percent,Specific quarter/as-of/current catalogue,"Exact group/product/contract scope; gross/net,stock/flow,monthly/annualised,contract/display distinguished",source_reported,StoneCo consolidated credit,,average book,"No implication of active RKO, typical price or cohort profit",,2026-10-07,Stone/BNDES primary source,BB-S0256
Stone_BR_cor_q1,cor_q1,Annualised quarterly ECL /average book,percent,Specific quarter/as-of/current catalogue,"Exact group/product/contract scope; gross/net,stock/flow,monthly/annualised,contract/display distinguished",source_reported,StoneCo consolidated credit,,average book,"No implication of active RKO, typical price or cohort profit",,2026-10-07,Stone/BNDES primary source,BB-S0256
Stone_BR_coverage,coverage,Accumulated provisions/full NPL90 book,percent,Specific quarter/as-of/current catalogue,"Exact group/product/contract scope; gross/net,stock/flow,monthly/annualised,contract/display distinguished",source_reported,StoneCo consolidated credit,,full NPL90 outstanding,"No implication of active RKO, typical price or cohort profit",,2026-10-07,Stone/BNDES primary source,BB-S0256
Stone_BR_avg_monthly_credit,avg_monthly_credit,Credit revenue/3 divided average book;includes interchange;not borrowerAPR,percent,Specific quarter/as-of/current catalogue,"Exact group/product/contract scope; gross/net,stock/flow,monthly/annualised,contract/display distinguished",source_reported,StoneCo consolidated credit,,average book,"No implication of active RKO, typical price or cohort profit",,2026-10-07,Stone/BNDES primary source,BB-S0256
Stone_BR_active,active,Revenue>=R$0.01 last30days across payments/banking/credit;unified from1Q26,merchants,Specific quarter/as-of/current catalogue,"Exact group/product/contract scope; gross/net,stock/flow,monthly/annualised,contract/display distinguished",source_reported,StoneCo unified active,,merchant revenue threshold,"No implication of active RKO, typical price or cohort profit",,2026-10-07,Stone/BNDES primary source,BB-S0256
Stone_BR_active_revenue_threshold,active_revenue_threshold,Minimum revenue in last30days for unified active,currency,Specific quarter/as-of/current catalogue,"Exact group/product/contract scope; gross/net,stock/flow,monthly/annualised,contract/display distinguished",source_reported,StoneCo active definition,,not_applicable,"No implication of active RKO, typical price or cohort profit",,2026-10-07,Stone/BNDES primary source,BB-S0256
Stone_BR_active_window,active_window,Lookback revenue window,days,Specific quarter/as-of/current catalogue,"Exact group/product/contract scope; gross/net,stock/flow,monthly/annualised,contract/display distinguished",source_reported,StoneCo active definition,,not_applicable,"No implication of active RKO, typical price or cohort profit",,2026-10-07,Stone/BNDES primary source,BB-S0256
Stone_BR_rate_floor,rate_floor,Advertised starting rate not CET/average,percent_per_month,Specific quarter/as-of/current catalogue,"Exact group/product/contract scope; gross/net,stock/flow,monthly/annualised,contract/display distinguished",source_reported,Capital de Giro catalogue,,not_applicable,"No implication of active RKO, typical price or cohort profit",,2026-10-07,Stone/BNDES primary source,BB-S0259
Stone_BR_installments,installments,Advertised maximum installment count,monthly_installments,Specific quarter/as-of/current catalogue,"Exact group/product/contract scope; gross/net,stock/flow,monthly/annualised,contract/display distinguished",source_reported,Capital de Giro catalogue,,not_applicable,"No implication of active RKO, typical price or cohort profit",,2026-10-07,Stone/BNDES primary source,BB-S0259
Stone_BR_funding_days,funding_days,Published time from request if approved;not actual SLA,business_days,Specific quarter/as-of/current catalogue,"Exact group/product/contract scope; gross/net,stock/flow,monthly/annualised,contract/display distinguished",source_reported,Capital de Giro help,,not_applicable,"No implication of active RKO, typical price or cohort profit",,2026-10-07,Stone/BNDES primary source,BB-S0260
Stone_BR_pin,pin,Confirmation PIN length,digits,Specific quarter/as-of/current catalogue,"Exact group/product/contract scope; gross/net,stock/flow,monthly/annualised,contract/display distinguished",source_reported,Capital de Giro flow,,not_applicable,"No implication of active RKO, typical price or cohort profit",,2026-10-07,Stone/BNDES primary source,BB-S0259
Stone_BR_retention_max,retention_max,Maximum daily receipts retained on arrears,percent,Specific quarter/as-of/current catalogue,"Exact group/product/contract scope; gross/net,stock/flow,monthly/annualised,contract/display distinguished",source_reported,Capital de Giro help,,not_applicable,"No implication of active RKO, typical price or cohort profit",,2026-10-07,Stone/BNDES primary source,BB-S0260
Stone_BR_line_term,line_term,Renewable framework duration AnnexVI§2.2;not term of each draw,months,Specific quarter/as-of/current catalogue,"Exact group/product/contract scope; gross/net,stock/flow,monthly/annualised,contract/display distinguished",source_reported,Limite da Conta contract,,not_applicable,"No implication of active RKO, typical price or cohort profit",,2026-10-07,Stone/BNDES primary source,BB-S0267
Stone_BR_terms_rate_min,terms_rate_min,AnnexVI§3.2 generic minimum envelope;not typical rate,percent_per_month,Specific quarter/as-of/current catalogue,"Exact group/product/contract scope; gross/net,stock/flow,monthly/annualised,contract/display distinguished",source_reported,Limite da Conta contract,,not_applicable,"No implication of active RKO, typical price or cohort profit",,2026-10-07,Stone/BNDES primary source,BB-S0267
Stone_BR_terms_rate_max,terms_rate_max,AnnexVI§3.2 generic maximum envelope;not common charged rate,percent_per_month,Specific quarter/as-of/current catalogue,"Exact group/product/contract scope; gross/net,stock/flow,monthly/annualised,contract/display distinguished",source_reported,Limite da Conta contract,,not_applicable,"No implication of active RKO, typical price or cohort profit",,2026-10-07,Stone/BNDES primary source,BB-S0267
Stone_BR_fgigrace_stone,fgigrace_stone,Advertised grace maximum inconsistent with BNDES FAQ,months,Specific quarter/as-of/current catalogue,"Exact group/product/contract scope; gross/net,stock/flow,monthly/annualised,contract/display distinguished",source_reported,Stone FGI PEAC,,not_applicable,"No implication of active RKO, typical price or cohort profit",,2026-10-07,Stone/BNDES primary source,BB-S0269
Stone_BR_fgigrace_bndes,fgigrace_bndes,Current FAQ grace minimum;conflict unresolved,months,Specific quarter/as-of/current catalogue,"Exact group/product/contract scope; gross/net,stock/flow,monthly/annualised,contract/display distinguished",source_reported,FGI PEAC programme,,not_applicable,"No implication of active RKO, typical price or cohort profit",,2026-10-07,Stone/BNDES primary source,BB-S0270
Stone_BR_cdi,cdi,Advertised reserve yield before product-specific taxes/conditions,percent_of_CDI,Specific quarter/as-of/current catalogue,"Exact group/product/contract scope; gross/net,stock/flow,monthly/annualised,contract/display distinguished",source_reported,Reserva catalogue,,not_applicable,"No implication of active RKO, typical price or cohort profit",,2026-10-07,Stone/BNDES primary source,BB-S0265
Stone_BR_free_trial,free_trial,Help Free trial duration contrary landing,days,Specific quarter/as-of/current catalogue,"Exact group/product/contract scope; gross/net,stock/flow,monthly/annualised,contract/display distinguished",source_reported,AI Apps Free,,not_applicable,"No implication of active RKO, typical price or cohort profit",,2026-10-07,Stone/BNDES primary source,BB-S0273
Stone_BR_client_activity,client_activity,Lookback POS transaction for enhanced client plan,days,Specific quarter/as-of/current catalogue,"Exact group/product/contract scope; gross/net,stock/flow,monthly/annualised,contract/display distinguished",source_reported,AI Apps SouStone/SouTon,,not_applicable,"No implication of active RKO, typical price or cohort profit",,2026-10-07,Stone/BNDES primary source,BB-S0273
Stone_BR_open_fee,open_fee,Account opening published fee,currency,Specific quarter/as-of/current catalogue,"Exact group/product/contract scope; gross/net,stock/flow,monthly/annualised,contract/display distinguished",source_reported,Conta Stone tariff,,not_applicable,"No implication of active RKO, typical price or cohort profit",,2026-10-07,Stone/BNDES primary source,BB-S0266
Stone_BR_maintenance,maintenance,Account monthly maintenance published fee,currency,Specific quarter/as-of/current catalogue,"Exact group/product/contract scope; gross/net,stock/flow,monthly/annualised,contract/display distinguished",source_reported,Conta Stone tariff,,not_applicable,"No implication of active RKO, typical price or cohort profit",,2026-10-07,Stone/BNDES primary source,BB-S0266
Stone_BR_withdraw,withdraw,Banco24Horas charge per withdrawal,currency,Specific quarter/as-of/current catalogue,"Exact group/product/contract scope; gross/net,stock/flow,monthly/annualised,contract/display distinguished",source_reported,Conta Stone tariff,,not_applicable,"No implication of active RKO, typical price or cohort profit",,2026-10-07,Stone/BNDES primary source,BB-S0266
Stone_BR_ted_after,ted_after,Charge per TED from21st monthly,currency,Specific quarter/as-of/current catalogue,"Exact group/product/contract scope; gross/net,stock/flow,monthly/annualised,contract/display distinguished",source_reported,Conta Stone tariff,,not_applicable,"No implication of active RKO, typical price or cohort profit",,2026-10-07,Stone/BNDES primary source,BB-S0266
Stone_BR_pix_transfer,pix_transfer,Published outgoing Pix PF/PJ charge,currency,Specific quarter/as-of/current catalogue,"Exact group/product/contract scope; gross/net,stock/flow,monthly/annualised,contract/display distinguished",source_reported,Conta Stone tariff,,not_applicable,"No implication of active RKO, typical price or cohort profit",,2026-10-07,Stone/BNDES primary source,BB-S0266
Stone_BR_ted_allowance,ted_allowance,Number of free monthly TED transfers,transfers_per_month,Specific quarter/as-of/current catalogue,"Exact group/product/contract scope; gross/net,stock/flow,monthly/annualised,contract/display distinguished",source_reported,Conta Stone tariff,,not_applicable,"No implication of active RKO, typical price or cohort profit",,2026-10-07,Stone/BNDES primary source,BB-S0266
RazorpayX_IN_bulk,Advertised maximum bulk file payouts,Advertised maximum bulk file payouts,payouts_per_file,Source-specific catalogue or fiscal period,Keep issuer/product/bank/policy/marketing scope;ceilings not mean;fees not APR;group not cohort,source_reported,Payouts,,not_applicable,UI examples;unrendered counters;causal outcomes,,2026-10-07,Source-specific;secondaryfinancials flagged,BB-S0294
RazorpayX_IN_open,"Advertised less-than processing threshold,not actualbankSLA","Advertised less-than processing threshold,not actualbankSLA",hours,Source-specific catalogue or fiscal period,Keep issuer/product/bank/policy/marketing scope;ceilings not mean;fees not APR;group not cohort,source_reported,Current accounts,,not_applicable,UI examples;unrendered counters;causal outcomes,,2026-10-07,Source-specific;secondaryfinancials flagged,BB-S0283
RazorpayX_IN_paycompanies,Marketing companycount;active definition/date unknown,Marketing companycount;active definition/date unknown,companies_lower_bound,Source-specific catalogue or fiscal period,Keep issuer/product/bank/policy/marketing scope;ceilings not mean;fees not APR;group not cohort,source_reported,Payroll,,not_applicable,UI examples;unrendered counters;causal outcomes,,2026-10-07,Source-specific;secondaryfinancials flagged,BB-S0285
RazorpayX_IN_payonboard,"Advertised onboarding,not bankopening","Advertised onboarding,not bankopening",hours,Source-specific catalogue or fiscal period,Keep issuer/product/bank/policy/marketing scope;ceilings not mean;fees not APR;group not cohort,source_reported,Payroll,,not_applicable,UI examples;unrendered counters;causal outcomes,,2026-10-07,Source-specific;secondaryfinancials flagged,BB-S0285
RazorpayX_IN_paybalance,Documented prefunded balance update horizon,Documented prefunded balance update horizon,hours,Source-specific catalogue or fiscal period,Keep issuer/product/bank/policy/marketing scope;ceilings not mean;fees not APR;group not cohort,source_reported,Payroll,,not_applicable,UI examples;unrendered counters;causal outcomes,,2026-10-07,Source-specific;secondaryfinancials flagged,BB-S0287
RazorpayX_IN_prime,Displayed Prime monthlyprice beforeGST;billingtoggle notconfirmed,Displayed Prime monthlyprice beforeGST;billingtoggle notconfirmed,currency_per_month,Source-specific catalogue or fiscal period,Keep issuer/product/bank/policy/marketing scope;ceilings not mean;fees not APR;group not cohort,source_reported,PayrollPrime,,not_applicable,UI examples;unrendered counters;causal outcomes,,2026-10-07,Source-specific;secondaryfinancials flagged,BB-S0289
RazorpayX_IN_primepeople,Prime stated maximum supportedworkforce,Prime stated maximum supportedworkforce,employees,Source-specific catalogue or fiscal period,Keep issuer/product/bank/policy/marketing scope;ceilings not mean;fees not APR;group not cohort,source_reported,PayrollPrime,,not_applicable,UI examples;unrendered counters;causal outcomes,,2026-10-07,Source-specific;secondaryfinancials flagged,BB-S0289
RazorpayX_IN_addemployee,Additional employee charge beforeGST,Additional employee charge beforeGST,currency_per_employee_month,Source-specific catalogue or fiscal period,Keep issuer/product/bank/policy/marketing scope;ceilings not mean;fees not APR;group not cohort,source_reported,Payroll,,not_applicable,UI examples;unrendered counters;causal outcomes,,2026-10-07,Source-specific;secondaryfinancials flagged,BB-S0289
RazorpayX_IN_elite,Displayed promotional Elite for50 employees;billingtoggle unclear,Displayed promotional Elite for50 employees;billingtoggle unclear,currency_per_month,Source-specific catalogue or fiscal period,Keep issuer/product/bank/policy/marketing scope;ceilings not mean;fees not APR;group not cohort,source_reported,PayrollElite,,not_applicable,UI examples;unrendered counters;causal outcomes,,2026-10-07,Source-specific;secondaryfinancials flagged,BB-S0289
RazorpayX_IN_elitepeople,Workforce included indisplayedElite price,Workforce included indisplayedElite price,employees,Source-specific catalogue or fiscal period,Keep issuer/product/bank/policy/marketing scope;ceilings not mean;fees not APR;group not cohort,source_reported,PayrollElite,,not_applicable,UI examples;unrendered counters;causal outcomes,,2026-10-07,Source-specific;secondaryfinancials flagged,BB-S0289
RazorpayX_IN_gsttax,Additional GST onsubscription,Additional GST onsubscription,percent,Source-specific catalogue or fiscal period,Keep issuer/product/bank/policy/marketing scope;ceilings not mean;fees not APR;group not cohort,source_reported,Payroll,,not_applicable,UI examples;unrendered counters;causal outcomes,,2026-10-07,Source-specific;secondaryfinancials flagged,BB-S0289
RazorpayX_IN_legacyprice,"ProcessingFAQ advertised start,no unified billing verified","ProcessingFAQ advertised start,no unified billing verified",currency,Source-specific catalogue or fiscal period,Keep issuer/product/bank/policy/marketing scope;ceilings not mean;fees not APR;group not cohort,source_reported,OldFAQdisplay,,not_applicable,UI examples;unrendered counters;causal outcomes,,2026-10-07,Source-specific;secondaryfinancials flagged,BB-S0290
RazorpayX_IN_legacyemployee,OldFAQPro headline;notaccepted ascurrentprice,OldFAQPro headline;notaccepted ascurrentprice,currency_per_employee_month,Source-specific catalogue or fiscal period,Keep issuer/product/bank/policy/marketing scope;ceilings not mean;fees not APR;group not cohort,source_reported,OldFAQdisplay,,not_applicable,UI examples;unrendered counters;causal outcomes,,2026-10-07,Source-specific;secondaryfinancials flagged,BB-S0290
RazorpayX_IN_reauth,GST accessreauthorisation period,GST accessreauthorisation period,days,Source-specific catalogue or fiscal period,Keep issuer/product/bank/policy/marketing scope;ceilings not mean;fees not APR;group not cohort,source_reported,GST integration,,not_applicable,UI examples;unrendered counters;causal outcomes,,2026-10-07,Source-specific;secondaryfinancials flagged,BB-S0293
RazorpayX_IN_sync,GST documented resyncperiod,GST documented resyncperiod,hours,Source-specific catalogue or fiscal period,Keep issuer/product/bank/policy/marketing scope;ceilings not mean;fees not APR;group not cohort,source_reported,GST integration,,not_applicable,UI examples;unrendered counters;causal outcomes,,2026-10-07,Source-specific;secondaryfinancials flagged,BB-S0293
RazorpayX_IN_announcedagents,Agents describedMarchblog;notalllive,Agents describedMarchblog;notalllive,agents,Source-specific catalogue or fiscal period,Keep issuer/product/bank/policy/marketing scope;ceilings not mean;fees not APR;group not cohort,source_reported,AI announced,,not_applicable,UI examples;unrendered counters;causal outcomes,,2026-10-07,Source-specific;secondaryfinancials flagged,BB-S0296
RazorpayX_IN_confirmedagents,Named availablebetafunctionsJune;not adoptioncount,Named availablebetafunctionsJune;not adoptioncount,agents,Source-specific catalogue or fiscal period,Keep issuer/product/bank/policy/marketing scope;ceilings not mean;fees not APR;group not cohort,source_reported,AI beta,,not_applicable,UI examples;unrendered counters;causal outcomes,,2026-10-07,Source-specific;secondaryfinancials flagged,BB-S0297
RazorpayX_IN_launchlimit,Launchcollateralfreeceiling2crore,Launchcollateralfreeceiling2crore,currency,Source-specific catalogue or fiscal period,Keep issuer/product/bank/policy/marketing scope;ceilings not mean;fees not APR;group not cohort,source_reported,Cardslaunch,,not_applicable,UI examples;unrendered counters;causal outcomes,,2026-10-07,Source-specific;secondaryfinancials flagged,BB-S0298
RazorpayX_IN_rblstartup,Unsecuredstartuppolicy maximum30lakh,Unsecuredstartuppolicy maximum30lakh,currency,Source-specific catalogue or fiscal period,Keep issuer/product/bank/policy/marketing scope;ceilings not mean;fees not APR;group not cohort,source_reported,RBLstartup,,not_applicable,UI examples;unrendered counters;causal outcomes,,2026-10-07,Source-specific;secondaryfinancials flagged,BB-S0301
RazorpayX_IN_rblenterprise,Unsecuredenterprise maximum2crore,Unsecuredenterprise maximum2crore,currency,Source-specific catalogue or fiscal period,Keep issuer/product/bank/policy/marketing scope;ceilings not mean;fees not APR;group not cohort,source_reported,RBLenterprise,,not_applicable,UI examples;unrendered counters;causal outcomes,,2026-10-07,Source-specific;secondaryfinancials flagged,BB-S0301
RazorpayX_IN_securedratio,FDsecured maximumcredit/deposit,FDsecured maximumcredit/deposit,percent,Source-specific catalogue or fiscal period,Keep issuer/product/bank/policy/marketing scope;ceilings not mean;fees not APR;group not cohort,source_reported,RBLsecured,,not_applicable,UI examples;unrendered counters;causal outcomes,,2026-10-07,Source-specific;secondaryfinancials flagged,BB-S0301
RazorpayX_IN_fdminimum,Stated minimumFD;negotiable5lakh separate,Stated minimumFD;negotiable5lakh separate,currency,Source-specific catalogue or fiscal period,Keep issuer/product/bank/policy/marketing scope;ceilings not mean;fees not APR;group not cohort,source_reported,RBLsecured,,not_applicable,UI examples;unrendered counters;causal outcomes,,2026-10-07,Source-specific;secondaryfinancials flagged,BB-S0301
RazorpayX_IN_fdnegotiable,"NegotiablelowerFD bound,notguaranteed","NegotiablelowerFD bound,notguaranteed",currency,Source-specific catalogue or fiscal period,Keep issuer/product/bank/policy/marketing scope;ceilings not mean;fees not APR;group not cohort,source_reported,RBLsecured,,not_applicable,UI examples;unrendered counters;causal outcomes,,2026-10-07,Source-specific;secondaryfinancials flagged,BB-S0301
RazorpayX_IN_yespg,PG-onlypolicy maximum30lakh,PG-onlypolicy maximum30lakh,currency,Source-specific catalogue or fiscal period,Keep issuer/product/bank/policy/marketing scope;ceilings not mean;fees not APR;group not cohort,source_reported,YES PG,,not_applicable,UI examples;unrendered counters;causal outcomes,,2026-10-07,Source-specific;secondaryfinancials flagged,BB-S0302
RazorpayX_IN_yesmixed,PG+financials maximum1.5crore,PG+financials maximum1.5crore,currency,Source-specific catalogue or fiscal period,Keep issuer/product/bank/policy/marketing scope;ceilings not mean;fees not APR;group not cohort,source_reported,YES mixed,,not_applicable,UI examples;unrendered counters;causal outcomes,,2026-10-07,Source-specific;secondaryfinancials flagged,BB-S0302
RazorpayX_IN_yesfinancial,Financialsalone maximum3crore,Financialsalone maximum3crore,currency,Source-specific catalogue or fiscal period,Keep issuer/product/bank/policy/marketing scope;ceilings not mean;fees not APR;group not cohort,source_reported,YES financial,,not_applicable,UI examples;unrendered counters;causal outcomes,,2026-10-07,Source-specific;secondaryfinancials flagged,BB-S0302
RazorpayX_IN_rbltime,Decision communicated aftercomplete docs within15workingdays,Decision communicated aftercomplete docs within15workingdays,working_days,Source-specific catalogue or fiscal period,Keep issuer/product/bank/policy/marketing scope;ceilings not mean;fees not APR;group not cohort,source_reported,RBLdecision,,not_applicable,UI examples;unrendered counters;causal outcomes,,2026-10-07,Source-specific;secondaryfinancials flagged,BB-S0300
RazorpayX_IN_gracedays,Conditionalmaximuminterestfreeperiod,Conditionalmaximuminterestfreeperiod,days,Source-specific catalogue or fiscal period,Keep issuer/product/bank/policy/marketing scope;ceilings not mean;fees not APR;group not cohort,source_reported,RBLcard,,not_applicable,UI examples;unrendered counters;causal outcomes,,2026-10-07,Source-specific;secondaryfinancials flagged,BB-S0300
RazorpayX_IN_forex,Forextransactionmarkup,Forextransactionmarkup,percent,Source-specific catalogue or fiscal period,Keep issuer/product/bank/policy/marketing scope;ceilings not mean;fees not APR;group not cohort,source_reported,RBLcard,,not_applicable,UI examples;unrendered counters;causal outcomes,,2026-10-07,Source-specific;secondaryfinancials flagged,BB-S0300
RazorpayX_IN_late,"Latepayment feepercentageoutstanding,minimum separately","Latepayment feepercentageoutstanding,minimum separately",percent,Source-specific catalogue or fiscal period,Keep issuer/product/bank/policy/marketing scope;ceilings not mean;fees not APR;group not cohort,source_reported,RBLcard,,not_applicable,UI examples;unrendered counters;causal outcomes,,2026-10-07,Source-specific;secondaryfinancials flagged,BB-S0300
RazorpayX_IN_latemin,Minimumlatepaymentfee,Minimumlatepaymentfee,currency,Source-specific catalogue or fiscal period,Keep issuer/product/bank/policy/marketing scope;ceilings not mean;fees not APR;group not cohort,source_reported,RBLcard,,not_applicable,UI examples;unrendered counters;causal outcomes,,2026-10-07,Source-specific;secondaryfinancials flagged,BB-S0300
RazorpayX_IN_annual,Advertisedannualcardfee;otherfeesnotzero,Advertisedannualcardfee;otherfeesnotzero,currency_per_year,Source-specific catalogue or fiscal period,Keep issuer/product/bank/policy/marketing scope;ceilings not mean;fees not APR;group not cohort,source_reported,Cardcatalogue,,not_applicable,UI examples;unrendered counters;causal outcomes,,2026-10-07,Source-specific;secondaryfinancials flagged,BB-S0299
RazorpayX_IN_joining,Advertisedjoiningfee,Advertisedjoiningfee,currency,Source-specific catalogue or fiscal period,Keep issuer/product/bank/policy/marketing scope;ceilings not mean;fees not APR;group not cohort,source_reported,Cardcatalogue,,not_applicable,UI examples;unrendered counters;causal outcomes,,2026-10-07,Source-specific;secondaryfinancials flagged,BB-S0299
RazorpayX_IN_locrate,Documentedstartingrate;currentnewloanavailabilityunverified;notAPR,Documentedstartingrate;currentnewloanavailabilityunverified;notAPR,percent_per_month,Source-specific catalogue or fiscal period,Keep issuer/product/bank/policy/marketing scope;ceilings not mean;fees not APR;group not cohort,source_reported,LoCdocs,,not_applicable,UI examples;unrendered counters;causal outcomes,,2026-10-07,Source-specific;secondaryfinancials flagged,BB-S0303
RazorpayX_IN_locterm,Documentedcreditlinetenure;notallwithdrawaltenures,Documentedcreditlinetenure;notallwithdrawaltenures,months,Source-specific catalogue or fiscal period,Keep issuer/product/bank/policy/marketing scope;ceilings not mean;fees not APR;group not cohort,source_reported,LoCdocs,,not_applicable,UI examples;unrendered counters;causal outcomes,,2026-10-07,Source-specific;secondaryfinancials flagged,BB-S0303
RazorpayX_IN_locbusinessage,Documentedbusinessageminimum,Documentedbusinessageminimum,months,Source-specific catalogue or fiscal period,Keep issuer/product/bank/policy/marketing scope;ceilings not mean;fees not APR;group not cohort,source_reported,LoCdocs,,not_applicable,UI examples;unrendered counters;causal outcomes,,2026-10-07,Source-specific;secondaryfinancials flagged,BB-S0303
RazorpayX_IN_locturnover,Documentedannualturnovereligibility20lakh,Documentedannualturnovereligibility20lakh,currency_per_year,Source-specific catalogue or fiscal period,Keep issuer/product/bank/policy/marketing scope;ceilings not mean;fees not APR;group not cohort,source_reported,LoCdocs,,not_applicable,UI examples;unrendered counters;causal outcomes,,2026-10-07,Source-specific;secondaryfinancials flagged,BB-S0303
RazorpayX_IN_reuse,DocumentedwaitafterpreclosingEMI beforedraw,DocumentedwaitafterpreclosingEMI beforedraw,hours,Source-specific catalogue or fiscal period,Keep issuer/product/bank/policy/marketing scope;ceilings not mean;fees not APR;group not cohort,source_reported,LoCservicing,,not_applicable,UI examples;unrendered counters;causal outcomes,,2026-10-07,Source-specific;secondaryfinancials flagged,BB-S0304
RazorpayX_IN_grouprevenue,ConsolidatedoperatingrevenueFY25reportedviaET,ConsolidatedoperatingrevenueFY25reportedviaET,crore_currency,Source-specific catalogue or fiscal period,Keep issuer/product/bank/policy/marketing scope;ceilings not mean;fees not APR;group not cohort,source_reported,Razorpay consolidated,,not_applicable,UI examples;unrendered counters;causal outcomes,,2026-10-07,Source-specific;secondaryfinancials flagged,BB-S0309
RazorpayX_IN_groupgross,ConsolidatedgrossprofitFY25reportedviaET,ConsolidatedgrossprofitFY25reportedviaET,crore_currency,Source-specific catalogue or fiscal period,Keep issuer/product/bank/policy/marketing scope;ceilings not mean;fees not APR;group not cohort,source_reported,Razorpay consolidated,,not_applicable,UI examples;unrendered counters;causal outcomes,,2026-10-07,Source-specific;secondaryfinancials flagged,BB-S0309
RazorpayX_IN_grouploss,ConsolidatednetlossmagnitudeafterESOPFY25reportedviaET,ConsolidatednetlossmagnitudeafterESOPFY25reportedviaET,crore_currency,Source-specific catalogue or fiscal period,Keep issuer/product/bank/policy/marketing scope;ceilings not mean;fees not APR;group not cohort,source_reported,Razorpay consolidated,,not_applicable,UI examples;unrendered counters;causal outcomes,,2026-10-07,Source-specific;secondaryfinancials flagged,BB-S0309
airwallex_explore,Explore: стандартная месячная цена,Per legal entity;GST included;conditional waiver,AUD/month,snapshot,"Compare only same country, product, population, billing/measurement basis; unknown denominator not harmonised.",source_defined,Explore,Explore: стандартная месячная цена,not_applicable,Illustrative UI amounts; group figures do not proxy AU credit,geography;period;scope;denominator;billing basis,1,Airwallex public evidence,BB-S0334
airwallex_waiver_funding,Порог оборота пополнений для отмены Explore,Minimum during subscription cycle;bank/DD/payment processing receipts count,AUD/billing_cycle,snapshot,"Compare only same country, product, population, billing/measurement basis; unknown denominator not harmonised.",source_defined,Explore,Порог оборота пополнений для отмены Explore,not_applicable,Illustrative UI amounts; group figures do not proxy AU credit,geography;period;scope;denominator;billing basis,1,Airwallex public evidence,BB-S0333
airwallex_waiver_balance,Порог остатка для отмены Explore,Minimum combined Wallet/Yield balance at cycle end;alternative to funding threshold,AUD,snapshot,"Compare only same country, product, population, billing/measurement basis; unknown denominator not harmonised.",source_defined,Explore,Порог остатка для отмены Explore,not_applicable,Illustrative UI amounts; group figures do not proxy AU credit,geography;period;scope;denominator;billing basis,1,Airwallex public evidence,BB-S0333
airwallex_grow,Grow: стандартная месячная цена,Per entity;GST included;transaction/user fees extra,AUD/month,snapshot,"Compare only same country, product, population, billing/measurement basis; unknown denominator not harmonised.",source_defined,Grow,Grow: стандартная месячная цена,not_applicable,Illustrative UI amounts; group figures do not proxy AU credit,geography;period;scope;denominator;billing basis,1,Airwallex public evidence,BB-S0334
airwallex_accelerate,Accelerate: начальная месячная цена,Lower bound;per organisation under18Sep2026schedule;applicable newAug2025cohort;marketing perentity conflict,AUD/month,snapshot,"Compare only same country, product, population, billing/measurement basis; unknown denominator not harmonised.",source_defined,Accelerate,Accelerate: начальная месячная цена,not_applicable,Illustrative UI amounts; group figures do not proxy AU credit,geography;period;scope;denominator;billing basis,1,Airwallex public evidence,BB-S0334
airwallex_free_users,Включённые активные пользователи Spend,Cardholder OR submits/approves/pays expense/reimbursement/bill;billing definition not MAU,users/month,snapshot,"Compare only same country, product, population, billing/measurement basis; unknown denominator not harmonised.",source_defined,Grow/Accelerate,Включённые активные пользователи Spend,not_applicable,Illustrative UI amounts; group figures do not proxy AU credit,geography;period;scope;denominator;billing basis,1,Airwallex public evidence,BB-S0334
airwallex_extra_user,Доплата за активного пользователя Spend,After included users;GST included;not unique client CAC,AUD/user/month,snapshot,"Compare only same country, product, population, billing/measurement basis; unknown denominator not harmonised.",source_defined,Grow/Accelerate,Доплата за активного пользователя Spend,not_applicable,Illustrative UI amounts; group figures do not proxy AU credit,geography;period;scope;denominator;billing basis,1,Airwallex public evidence,BB-S0334
airwallex_bills,Порог стандартного Bill Pay по fair use,Upper fair-use threshold;custom pricing after;not actual volume,bills/month,snapshot,"Compare only same country, product, population, billing/measurement basis; unknown denominator not harmonised.",source_defined,Grow/Accelerate,Порог стандартного Bill Pay по fair use,not_applicable,Illustrative UI amounts; group figures do not proxy AU credit,geography;period;scope;denominator;billing basis,1,Airwallex public evidence,BB-S0333
airwallex_spend_users,Порог пользователей Spend по fair use,Fair-use threshold;custom discussion after;not observed adoption,active_spend_users/month,snapshot,"Compare only same country, product, population, billing/measurement basis; unknown denominator not harmonised.",source_defined,Grow/Accelerate,Порог пользователей Spend по fair use,not_applicable,Illustrative UI amounts; group figures do not proxy AU credit,geography;period;scope;denominator;billing basis,1,Airwallex public evidence,BB-S0333
airwallex_fx_major,Надбавка FX основных валют,Customer margin in quote;listed major currencies;not card auto-conversion,%,snapshot,"Compare only same country, product, population, billing/measurement basis; unknown denominator not harmonised.",source_defined,FX,Надбавка FX основных валют,not_applicable,Illustrative UI amounts; group figures do not proxy AU credit,geography;period;scope;denominator;billing basis,1,Airwallex public evidence,BB-S0334
airwallex_fx_other,Надбавка FX других валют,Customer margin in quote;other currencies,%,snapshot,"Compare only same country, product, population, billing/measurement basis; unknown denominator not harmonised.",source_defined,FX,Надбавка FX других валют,not_applicable,Illustrative UI amounts; group figures do not proxy AU credit,geography;period;scope;denominator;billing basis,1,Airwallex public evidence,BB-S0334
airwallex_auto_fx,Комиссия опциональной конвертации карты,Insufficient spend-currency balance;home-currency fully covers;not credit,%,snapshot,"Compare only same country, product, population, billing/measurement basis; unknown denominator not harmonised.",source_defined,Cards auto-conversion,Комиссия опциональной конвертации карты,not_applicable,Illustrative UI amounts; group figures do not proxy AU credit,geography;period;scope;denominator;billing basis,1,Airwallex public evidence,BB-S0334
airwallex_collection_fee,Сбор за приём KRW/VND/BRL/MYR,Specific currencies only;other-currency schedule0%;not all collections free,%,snapshot,"Compare only same country, product, population, billing/measurement basis; unknown denominator not harmonised.",source_defined,Global Account collections,Сбор за приём KRW/VND/BRL/MYR,not_applicable,Illustrative UI amounts; group figures do not proxy AU credit,geography;period;scope;denominator;billing basis,1,Airwallex public evidence,BB-S0334
airwallex_swift_sha,SWIFT SHA: стандартный сбор,Intermediary deductions may apply,AUD/transfer,snapshot,"Compare only same country, product, population, billing/measurement basis; unknown denominator not harmonised.",source_defined,SWIFT SHA,SWIFT SHA: стандартный сбор,not_applicable,Illustrative UI amounts; group figures do not proxy AU credit,geography;period;scope;denominator;billing basis,1,Airwallex public evidence,BB-S0334
airwallex_swift_our,SWIFT OUR: стандартный сбор,OUR fee allocation;not universal all-in supplier cost,AUD/transfer,snapshot,"Compare only same country, product, population, billing/measurement basis; unknown denominator not harmonised.",source_defined,SWIFT OUR,SWIFT OUR: стандартный сбор,not_applicable,Illustrative UI amounts; group figures do not proxy AU credit,geography;period;scope;denominator;billing basis,1,Airwallex public evidence,BB-S0334
airwallex_yield_aud,Отображённая доходность AUD Yield,Past7day annualised net return displayed7Oct2026AEDT;not fixed interest,%annualised,snapshot,"Compare only same country, product, population, billing/measurement basis; unknown denominator not harmonised.",source_defined,Yield AUD,Отображённая доходность AUD Yield,not_applicable,Illustrative UI amounts; group figures do not proxy AU credit,geography;period;scope;denominator;billing basis,1,Airwallex public evidence,BB-S0333
airwallex_yield_usd,Отображённая доходность USD Yield,Past7day annualised net return displayed7Oct2026AEDT;not fixed interest,%annualised,snapshot,"Compare only same country, product, population, billing/measurement basis; unknown denominator not harmonised.",source_defined,Yield USD,Отображённая доходность USD Yield,not_applicable,Illustrative UI amounts; group figures do not proxy AU credit,geography;period;scope;denominator;billing basis,1,Airwallex public evidence,BB-S0333
airwallex_yield_min,Первоначальный минимум Yield по AUD PDS,Initial minimum across unit classes;not subsequent topup;conflicts no-minimum marketing,AUD,snapshot,"Compare only same country, product, population, billing/measurement basis; unknown denominator not harmonised.",source_defined,Yield fund initial subscription,Первоначальный минимум Yield по AUD PDS,not_applicable,Illustrative UI amounts; group figures do not proxy AU credit,geography;period;scope;denominator;billing basis,1,Airwallex public evidence,BB-S0341
airwallex_yield_normal,Обычный срок доступа по AUD PDS,Usually within;noon cut-off;early access separate agreement;not guaranteed SLA,business_days,snapshot,"Compare only same country, product, population, billing/measurement basis; unknown denominator not harmonised.",source_defined,Yield redemption,Обычный срок доступа по AUD PDS,not_applicable,Illustrative UI amounts; group figures do not proxy AU credit,geography;period;scope;denominator;billing basis,1,Airwallex public evidence,BB-S0341
airwallex_yield_extended,Расширенный срок доступа по AUD PDS,Exceptional access can extend or be restricted;not absolute guaranteed maximum,business_days,snapshot,"Compare only same country, product, population, billing/measurement basis; unknown denominator not harmonised.",source_defined,Yield redemption,Расширенный срок доступа по AUD PDS,not_applicable,Illustrative UI amounts; group figures do not proxy AU credit,geography;period;scope;denominator;billing basis,1,Airwallex public evidence,BB-S0341
airwallex_yield_help_min,Типичный вывод Yield в справке: нижний конец,Most withdrawals1–3 businessdays;not contractual limit,business_days,snapshot,"Compare only same country, product, population, billing/measurement basis; unknown denominator not harmonised.",source_defined,Yield help,Типичный вывод Yield в справке: нижний конец,not_applicable,Illustrative UI amounts; group figures do not proxy AU credit,geography;period;scope;denominator;billing basis,1,Airwallex public evidence,BB-S0340
airwallex_yield_help_max,Типичный вывод Yield в справке: верхний конец,Most withdrawals1–3 businessdays;no frequency/sample disclosed,business_days,snapshot,"Compare only same country, product, population, billing/measurement basis; unknown denominator not harmonised.",source_defined,Yield help,Типичный вывод Yield в справке: верхний конец,not_applicable,Illustrative UI amounts; group figures do not proxy AU credit,geography;period;scope;denominator;billing basis,1,Airwallex public evidence,BB-S0340
airwallex_instant_fee,Сбор Explore за ранний вывод Yield,Percentage of instantly withdrawn amount;in addition to PDS fees;conditions apply,%,snapshot,"Compare only same country, product, population, billing/measurement basis; unknown denominator not harmonised.",source_defined,Yield instant withdrawal,Сбор Explore за ранний вывод Yield,not_applicable,Illustrative UI amounts; group figures do not proxy AU credit,geography;period;scope;denominator;billing basis,1,Airwallex public evidence,BB-S0334
airwallex_way_rebate,Рекламируемый возврат части платы Wayflyer,"Rebate on partner funding fee, not discount on principal or APR;redemption conditional",%,snapshot,"Compare only same country, product, population, billing/measurement basis; unknown denominator not harmonised.",source_defined,Wayflyer referral,Рекламируемый возврат части платы Wayflyer,not_applicable,Illustrative UI amounts; group figures do not proxy AU credit,geography;period;scope;denominator;billing basis,1,Airwallex public evidence,BB-S0343
airwallex_way_revenue,Wayflyer: месячная выручка по AUD help,Average monthly revenue minimum met preceding6months;business types/country restrictions,AUD/month,snapshot,"Compare only same country, product, population, billing/measurement basis; unknown denominator not harmonised.",source_defined,Wayflyer general eligibility,Wayflyer: месячная выручка по AUD help,not_applicable,Illustrative UI amounts; group figures do not proxy AU credit,geography;period;scope;denominator;billing basis,1,Airwallex public evidence,BB-S0344
airwallex_way_history_goods,Wayflyer: история товаров/ПО,Minimum operation;not all retail/service entities,months,snapshot,"Compare only same country, product, population, billing/measurement basis; unknown denominator not harmonised.",source_defined,Wayflyer goods/software,Wayflyer: история товаров/ПО,not_applicable,Illustrative UI amounts; group figures do not proxy AU credit,geography;period;scope;denominator;billing basis,1,Airwallex public evidence,BB-S0344
airwallex_way_history_services,Wayflyer: история розницы/услуг,Minimum operation;some offerings unavailable in some countries,years,snapshot,"Compare only same country, product, population, billing/measurement basis; unknown denominator not harmonised.",source_defined,Wayflyer retail/services,Wayflyer: история розницы/услуг,not_applicable,Illustrative UI amounts; group figures do not proxy AU credit,geography;period;scope;denominator;billing basis,1,Airwallex public evidence,BB-S0344
airwallex_group_revenue,Групповая годовая экстраполяция выручки,March2026 annualised revenue;not FY revenue or recurring ARR,USD/year_run_rate,March2026 annualised,"Compare only same country, product, population, billing/measurement basis; unknown denominator not harmonised.",source_defined,Group,Групповая годовая экстраполяция выручки,not_applicable,Illustrative UI amounts; group figures do not proxy AU credit,geography;period;scope;denominator;billing basis,1,Airwallex public evidence,BB-S0346
airwallex_group_volume,Групповая годовая экстраполяция платежей,March2026 annualised transaction volume;not credit origination/book,USD/year_run_rate,March2026 annualised,"Compare only same country, product, population, billing/measurement basis; unknown denominator not harmonised.",source_defined,Group,Групповая годовая экстраполяция платежей,not_applicable,Illustrative UI amounts; group figures do not proxy AU credit,geography;period;scope;denominator;billing basis,1,Airwallex public evidence,BB-S0346
airwallex_multi_revenue,Доля выручки от многопродуктовых клиентов,Lower bound;revenue-weighted share from customers using>1product,%,March2026 annualised,"Compare only same country, product, population, billing/measurement basis; unknown denominator not harmonised.",source_defined,Group,Доля выручки от многопродуктовых клиентов,total_group_revenue,Illustrative UI amounts; group figures do not proxy AU credit,geography;period;scope;denominator;billing basis,1,Airwallex public evidence,BB-S0346
airwallex_ai_alignment,Согласованность ИИ с проверяющими по заявлению,Source-reported alignment;period/sample/definition unknown,%,snapshot,"Compare only same country, product, population, billing/measurement basis; unknown denominator not harmonised.",source_reported_not_harmonized,Expense policy agent,Согласованность ИИ с проверяющими по заявлению,unknown,Illustrative UI amounts; group figures do not proxy AU credit,geography;period;scope;denominator;billing basis,1,Airwallex public evidence,BB-S0339
wise_setup,Разовая плата за UK функции,Разовая плата за UK функции; UK business setup,GBP,2026-10-10,"Не нормализовано между компаниями; сохранить страну, охват, период и границу.",source_reported,UK business setup,,Определение источника; см. scope,,,2026-10-10,official source,BB-S0353
wise_send_floor,Минимальная комиссия перевода,Минимальная комиссия перевода; Нижняя граница; валюта и способ влияют,%,2026-10-10,"Не нормализовано между компаниями; сохранить страну, охват, период и границу.",source_reported,Нижняя граница; валюта и способ влияют,,Определение источника; см. scope,,,2026-10-10,official source,BB-S0353
wise_convert_floor,Минимальная комиссия конвертации,Минимальная комиссия конвертации; Нижняя граница; не средняя цена,%,2026-10-10,"Не нормализовано между компаниями; сохранить страну, охват, период и границу.",source_reported,Нижняя граница; не средняя цена,,Определение источника; см. scope,,,2026-10-10,official source,BB-S0353
wise_discount,Порог объёмной скидки,Порог объёмной скидки; За месячные операции; не условие кредита,GBP,2026-10-10,"Не нормализовано между компаниями; сохранить страну, охват, период и границу.",source_reported,За месячные операции; не условие кредита,,Определение источника; см. scope,,,2026-10-10,official source,BB-S0353
wise_group_active,Активные клиенты группы FY26,Активные клиенты группы FY26; Global people+business annual unique cross-border,million,FY2026,"Не нормализовано между компаниями; сохранить страну, охват, период и границу.",source_reported,Global people+business annual unique cross-border,,Определение источника; см. scope,,,2026-10-10,official source,BB-S0363
wise_group_volume,Трансграничный объём группы FY26,Трансграничный объём группы FY26; Global annual flow,billion,FY2026,"Не нормализовано между компаниями; сохранить страну, охват, период и границу.",source_reported,Global annual flow,,Определение источника; см. scope,,,2026-10-10,official source,BB-S0363
wise_group_revenue,Чистая выручка группы FY26,Чистая выручка группы FY26; Global annual net revenue; US GAAP,million,FY2026,"Не нормализовано между компаниями; сохранить страну, охват, период и границу.",source_reported,Global annual net revenue; US GAAP,,Определение источника; см. scope,,,2026-10-10,official source,BB-S0363
wise_group_pbt,Прибыль до налогов группы FY26,Прибыль до налогов группы FY26; Global income before tax; US GAAP,million,FY2026,"Не нормализовано между компаниями; сохранить страну, охват, период и границу.",source_reported,Global income before tax; US GAAP,,Определение источника; см. scope,,,2026-10-10,official source,BB-S0363
wise_group_holdings,Средства клиентов группы,Средства клиентов группы; Cash plus Assets; not bank deposits,billion,Q4 FY2026,"Не нормализовано между компаниями; сохранить страну, охват, период и границу.",source_reported,Cash plus Assets; not bank deposits,,Определение источника; см. scope,,,2026-10-10,official source,BB-S0363
wise_group_card,Карточные расходы группы FY26,Карточные расходы группы FY26; Global annual flow; personal+business,billion,FY2026,"Не нормализовано между компаниями; сохранить страну, охват, период и границу.",source_reported,Global annual flow; personal+business,,Определение источника; см. scope,,,2026-10-10,official source,BB-S0363
wise_take_rate,Трансграничная комиссия / объём,Трансграничная комиссия / объём; Global cross-border take rate,%,FY2026,"Не нормализовано между компаниями; сохранить страну, охват, период и границу.",source_reported,Global cross-border take rate,,Определение источника; см. scope,,,2026-10-10,official source,BB-S0363
wise_business_active_q4,Business активные квартала,Business активные квартала; Global Business unique cross-border quarter; self-selected,thousand,Q4 FY2026,"Не нормализовано между компаниями; сохранить страну, охват, период и границу.",source_reported,Global Business unique cross-border quarter; self-selected,,Определение источника; см. scope,,,2026-10-10,official source,BB-S0363
wise_business_volume_q4,Объём Business квартала,Объём Business квартала; Global Business cross-border flow; not UK,billion,Q4 FY2026,"Не нормализовано между компаниями; сохранить страну, охват, период и границу.",source_reported,Global Business cross-border flow; not UK,,Определение источника; см. scope,,,2026-10-10,official source,BB-S0363
wise_business_bal_q4,Остатки Business квартала,Остатки Business квартала; Global Business balances excluding Assets,billion,Q4 FY2026,"Не нормализовано между компаниями; сохранить страну, охват, период и границу.",source_reported,Global Business balances excluding Assets,,Определение источника; см. scope,,,2026-10-10,official source,BB-S0363
wise_batch_max,Предел пакета платежей,Предел пакета платежей; Product maximum; not typical usage,payments,2026-10-10,"Не нормализовано между компаниями; сохранить страну, охват, период и границу.",source_reported,Product maximum; not typical usage,,Определение источника; см. scope,,,2026-10-10,official source,BB-S0359
wise_email_time,Заявленное время черновика,Заявленное время черновика; Company claim; not observed SLA,minute,2026-07-21,"Не нормализовано между компаниями; сохранить страну, охват, период и границу.",source_reported,Company claim; not observed SLA,,Определение источника; см. scope,,,2026-10-10,official source,BB-S0359
wise_jar_details,Наборы реквизитов Jar на валюту,Наборы реквизитов Jar на валюту; Maximum; eligible profile; SGD exception not applied to UK GBP,sets,2026-10-10,"Не нормализовано между компаниями; сохранить страну, охват, период и границу.",source_reported,Maximum; eligible profile; SGD exception not applied to UK GBP,,Определение источника; см. scope,,,2026-10-10,official source,BB-S0361
fc_amount_min,Минимальная сумма Term Loan,Минимальная сумма Term Loan; Product lower bound,GBP,2026-10-10,"Не нормализовано между компаниями; сохранить страну, охват, период и границу.",source_reported,Product lower bound,,Определение источника; см. scope,,,2026-10-10,official source,BB-S0367
fc_amount_max,Максимальная сумма Term Loan,Максимальная сумма Term Loan; Product upper bound,GBP,2026-10-10,"Не нормализовано между компаниями; сохранить страну, охват, период и границу.",source_reported,Product upper bound,,Определение источника; см. scope,,,2026-10-10,official source,BB-S0367
fc_term_min,Минимальный срок Term Loan,Минимальный срок Term Loan; Product lower bound,months,2026-10-10,"Не нормализовано между компаниями; сохранить страну, охват, период и границу.",source_reported,Product lower bound,,Определение источника; см. scope,,,2026-10-10,official source,BB-S0367
fc_term_max,Максимальный срок Term Loan,Максимальный срок Term Loan; Product upper bound,months,2026-10-10,"Не нормализовано между компаниями; сохранить страну, охват, период и границу.",source_reported,Product upper bound,,Определение источника; см. scope,,,2026-10-10,official source,BB-S0367
fc_rate_min,Нижняя годовая ставка,Нижняя годовая ставка; From; excludes completion fee,% p.a.,2026-10-10,"Не нормализовано между компаниями; сохранить страну, охват, период и границу.",source_reported,From; excludes completion fee,,Определение источника; см. scope,,,2026-10-10,official source,BB-S0367
fc_app,Заявленное время анкеты,Заявленное время анкеты; Company claim; not observed,minutes,2026-10-10,"Не нормализовано между компаниями; сохранить страну, охват, период и границу.",source_reported,Company claim; not observed,,Определение источника; см. scope,,,2026-10-10,official source,BB-S0367
fc_funding_product,Заявленная типичная выдача витрины,Заявленная типичная выдача витрины; Usually; conditional,hours,2026-10-10,"Не нормализовано между компаниями; сохранить страну, охват, период и границу.",source_reported,Usually; conditional,,Определение источника; см. scope,,,2026-10-10,official source,BB-S0367
fc_funding_help,Заявленная типичная выдача справки,Заявленная типичная выдача справки; Usually; scope not harmonised,days,2026-10-10,"Не нормализовано между компаниями; сохранить страну, охват, период и границу.",source_reported,Usually; scope not harmonised,,Определение источника; см. scope,,,2026-10-10,official source,BB-S0372
fc_flex_limit,Предел FlexiPay,Предел FlexiPay; Product upper bound,GBP,2026-10-10,"Не нормализовано между компаниями; сохранить страну, охват, период и границу.",source_reported,Product upper bound,,Определение источника; см. scope,,,2026-10-10,official source,BB-S0370
fc_flex_fee,Минимальная комиссия FlexiPay,Минимальная комиссия FlexiPay; From; per use not annual,% per use,2026-10-10,"Не нормализовано между компаниями; сохранить страну, охват, период и границу.",source_reported,From; per use not annual,,Определение источника; см. scope,,,2026-10-10,official source,BB-S0370
fc_extended,Credit extended,Credit extended; Term originations+FlexiPay/Card transaction flow,million,H1 2026,"Не нормализовано между компаниями; сохранить страну, охват, период и границу.",source_reported,Term originations+FlexiPay/Card transaction flow,,Определение источника; см. scope,,,2026-10-10,official source,BB-S0376
fc_aum,AuM,AuM; Principal+interest due; drawn lines/card; defaults excluded,million,2026-06-30,"Не нормализовано между компаниями; сохранить страну, охват, период и границу.",source_reported,Principal+interest due; drawn lines/card; defaults excluded,,Определение источника; см. scope,,,2026-10-10,official source,BB-S0376
fc_rev,Revenue / net income,Revenue / net income; Group six months; source definition,million,H1 2026,"Не нормализовано между компаниями; сохранить страну, охват, период и границу.",source_reported,Group six months; source definition,,Определение источника; см. scope,,,2026-10-10,official source,BB-S0376
fc_pbt,Прибыль до налогов,Прибыль до налогов; Group six months,million,H1 2026,"Не нормализовано между компаниями; сохранить страну, охват, период и границу.",source_reported,Group six months,,Определение источника; см. scope,,,2026-10-10,official source,BB-S0376
fc_term_flow,Term Loan выдачи,Term Loan выдачи; Six-month flow,million,H1 2026,"Не нормализовано между компаниями; сохранить страну, охват, период и границу.",source_reported,Six-month flow,,Определение источника; см. scope,,,2026-10-10,official source,BB-S0376
fc_term_pbt,Прибыль Term Loans,Прибыль Term Loans; Product PBT six months,million,H1 2026,"Не нормализовано между компаниями; сохранить страну, охват, период и границу.",source_reported,Product PBT six months,,Определение источника; см. scope,,,2026-10-10,official source,BB-S0376
fc_flex_flow,FlexiPay/Card операции,FlexiPay/Card операции; Transaction flow; not unique borrowers,million,H1 2026,"Не нормализовано между компаниями; сохранить страну, охват, период и границу.",source_reported,Transaction flow; not unique borrowers,,Определение источника; см. scope,,,2026-10-10,official source,BB-S0376
fc_flex_loss,Убыток FlexiPay/Card,Убыток FlexiPay/Card; Product PBT six months,million,H1 2026,"Не нормализовано между компаниями; сохранить страну, охват, период и границу.",source_reported,Product PBT six months,,Определение источника; см. scope,,,2026-10-10,official source,BB-S0376
fc_oldrev,Выручка FlexiPay/Card от прежних когорт,Выручка FlexiPay/Card от прежних когорт; Revenue weight from pre2026 customers; not retention probability,%,H1 2026,"Не нормализовано между компаниями; сохранить страну, охват, период и границу.",source_reported,Revenue weight from pre2026 customers; not retention probability,,Определение источника; см. scope,,,2026-10-10,official source,BB-S0376
fc_multi,Клиенты с несколькими продуктами,Клиенты с несколькими продуктами; Source customer denominator not independently harmonised,%,H1 2026,"Не нормализовано между компаниями; сохранить страну, охват, период и границу.",source_reported,Source customer denominator not independently harmonised,,Определение источника; см. scope,,,2026-10-10,official source,BB-S0376
fc_citi,Старший Citi facility,Старший Citi facility; Renewed April; separate from equity-inclusive capacity,million,H1 2026,"Не нормализовано между компаниями; сохранить страну, охват, период и границу.",source_reported,Renewed April; separate from equity-inclusive capacity,,Определение источника; см. scope,,,2026-10-10,official source,BB-S0376
fc_capacity,Общая ёмкость включая капитал,Общая ёмкость включая капитал; Citi debt+Funding Circle equity; not disbursed balance,million,H1 2026,"Не нормализовано между компаниями; сохранить страну, охват, период и границу.",source_reported,Citi debt+Funding Circle equity; not disbursed balance,,Определение источника; см. scope,,,2026-10-10,official source,BB-S0376
fc_draw_2025,Выбранные линии FlexiPay,Выбранные линии FlexiPay; Gross drawn stock only,million,2025-12-31,"Не нормализовано между компаниями; сохранить страну, охват, период и границу.",source_reported,Gross drawn stock only,,Определение источника; см. scope,,,2026-10-10,official source,BB-S0378
fc_ecl_2025,ECL выбранных FlexiPay,ECL выбранных FlexiPay; Allowance stock; not annual charge,million,2025-12-31,"Не нормализовано между компаниями; сохранить страну, охват, период и границу.",source_reported,Allowance stock; not annual charge,,Определение источника; см. scope,,,2026-10-10,official source,BB-S0378
fc_draw_2026,Выбранные линии FlexiPay,Выбранные линии FlexiPay; Gross drawn stock only,million,2026-06-30,"Не нормализовано между компаниями; сохранить страну, охват, период и границу.",source_reported,Gross drawn stock only,,Определение источника; см. scope,,,2026-10-10,official source,BB-S0377
fc_ecl_2026,ECL выбранных FlexiPay,ECL выбранных FlexiPay; Allowance stock; not annual charge,million,2026-06-30,"Не нормализовано между компаниями; сохранить страну, охват, период и границу.",source_reported,Allowance stock; not annual charge,,Определение источника; см. scope,,,2026-10-10,official source,BB-S0377
